date,team,rating,change
2016-03-23,Croatia,1818.0,4
2016-03-23,British Virgin Islands,623.0,0
2016-03-23,Aruba,929.0,-3
2016-03-23,Curaçao,1107.0,-13
2016-03-23,Sao Tome and Principe,1116.0,34
2016-03-23,Gibraltar,1119.0,0
2016-03-23,South Sudan,1142.0,-13
2016-03-23,Barbados,1156.0,13
2016-03-23,Liechtenstein,1202.0,0
2016-03-23,Guinea-Bissau,1223.0,24
2016-03-23,Antigua and Barbuda,1246.0,3
2016-03-23,Chad,1250.0,-23
2016-03-23,Guadeloupe,1306.0,-12
2016-03-23,Tanzania,1336.0,23
2016-03-23,Suriname,1188.0,12
2016-03-23,Benin,1386.0,13
2016-03-23,Kenya,1352.0,-24
2016-03-23,Poland,1778.0,6
2016-03-23,Romania,1765.0,1
2016-03-23,Serbia,1709.0,-6
2016-03-23,Israel,1574.0,-4
2016-03-23,Zambia,1498.0,-7
2016-03-23,Slovenia,1622.0,3
2016-03-23,Libya,1462.0,-34
2016-03-23,Martinique,1444.0,0
2016-03-23,Macedonia,1436.0,-3
2016-03-23,Lithuania,1425.0,-1
2016-03-23,Congo,1491.0,7
2016-03-29,Lebanon,1370.0,-17
2016-03-29,Liberia,1329.0,2
2016-03-29,Burundi,1350.0,43
2016-03-29,Palestine,1349.0,1
2016-03-29,Namibia,1330.0,-43
2016-03-29,Rwanda,1321.0,12
2016-03-29,Turkmenistan,1291.0,15
2016-03-29,Cuba,1310.0,-33
2016-03-29,French Guiana,1300.0,33
2016-03-29,Sudan,1299.0,15
2016-03-29,Gambia,1298.0,-8
2016-03-29,Angola,1379.0,-30
2016-03-29,Malawi,1311.0,-14
2016-03-29,Togo,1395.0,4
2016-03-29,North Korea,1505.0,-30
2016-03-29,Macedonia,1424.0,-12
2016-03-29,Bahrain,1427.0,-5
2016-03-29,El Salvador,1441.0,-18
2016-03-29,Martinique,1451.0,7
2016-03-29,Burkina Faso,1456.0,9
2016-03-29,Latvia,1466.0,8
2016-03-29,Oman,1470.0,-7
2016-03-29,Georgia,1474.0,-5
2016-03-29,Estonia,1493.0,-7
2016-03-29,Cape Verde,1496.0,-19
2016-03-29,Uganda,1500.0,-9
2016-03-29,Haiti,1500.0,-7
2016-03-29,Guadeloupe,1285.0,-21
2016-03-29,Iraq,1505.0,7
2016-03-29,Kazakhstan,1403.0,5
2016-03-29,Ethiopia,1279.0,14
2016-03-29,Afghanistan,1151.0,24
2016-03-29,Mauritania,1273.0,8
2016-03-29,Bhutan,552.0,-3
2016-03-29,Macao,623.0,9
2016-03-29,East Timor,731.0,-1
2016-03-29,US Virgin Islands,734.0,-6
2016-03-29,Djibouti,752.0,-2
2016-03-29,Maldives,967.0,3
2016-03-29,Dominica,968.0,-7
2016-03-29,Seychelles,986.0,-8
2016-03-29,Myanmar,1049.0,17
2016-03-29,Puerto Rico,1053.0,-16
2016-03-29,Mauritius,1103.0,-12
2016-03-29,Gibraltar,1111.0,-8
2016-03-29,Malaysia,1111.0,-9
2016-03-29,Barbados,1134.0,-22
2016-03-29,Saint Vincent and the Grenadines,1140.0,-4
2016-03-29,Lesotho,1142.0,8
2016-03-29,Grenada,1148.0,6
2016-03-29,Guatemala,1508.0,-11
2016-03-29,Singapore,1167.0,-24
2016-03-29,Dominican Republic,1168.0,22
2016-03-29,Tajikistan,1201.0,-28
2016-03-29,Suriname,1209.0,21
2016-03-29,Kyrgyzstan,1210.0,28
2016-03-29,Vietnam,1212.0,-7
2016-03-29,Antigua and Barbuda,1232.0,-14
2016-03-29,Luxembourg,1244.0,-6
2016-03-29,Guyana,1250.0,16
2016-03-29,Philippines,1268.0,30
2016-03-29,Saint Kitts and Nevis,1271.0,14
2016-03-29,Niger,1275.0,-7
2016-03-29,Canada,1509.0,-3
2016-03-29,India,1069.0,-15
2016-03-29,Honduras,1526.0,18
2016-03-29,United States,1732.0,11
2016-03-29,Iran,1737.0,7
2016-03-29,Bosnia and Herzegovina,1748.0,22
2016-03-29,Paraguay,1751.0,10
2016-03-29,Czechia,1754.0,3
2016-03-29,Sweden,1760.0,-3
2016-03-29,Japan,1763.0,11
2016-03-29,Peru,1766.0,-7
2016-03-29,Russia,1770.0,-5
2016-03-29,Ireland,1774.0,-4
2016-03-29,Switzerland,1778.0,-22
2016-03-29,Costa Rica,1786.0,11
2016-03-29,Austria,1791.0,-13
2016-03-29,Turkey,1823.0,13
2016-03-29,Italy,1866.0,-6
2016-03-29,Ecuador,1884.0,-17
2016-03-29,Netherlands,1901.0,15
2016-03-29,Portugal,1909.0,8
2016-03-29,Syria,1519.0,-11
2016-03-29,Belgium,1920.0,-8
2016-03-29,Mexico,1921.0,3
2016-03-29,England,1959.0,-15
2016-03-29,Uruguay,1963.0,7
2016-03-29,Chile,1967.0,15
2016-03-29,France,1970.0,5
2016-03-29,Colombia,1979.0,17
2016-03-29,Brazil,2017.0,-10
2016-03-29,Argentina,2049.0,3
2016-03-29,Germany,2059.0,6
2016-03-29,Denmark,1725.0,-8
2016-03-29,Australia,1721.0,14
2016-03-29,Slovakia,1739.0,4
2016-03-29,Ivory Coast,1720.0,-15
2016-03-29,Saudi Arabia,1528.0,11
2016-03-29,Jordan,1533.0,-14
2016-03-29,Democratic Republic of Congo,1543.0,30
2016-03-29,Qatar,1550.0,-23
2016-03-29,Guinea,1550.0,14
2016-03-29,Tunisia,1550.0,-4
2016-03-29,Montenegro,1558.0,-2
2016-03-29,Finland,1570.0,-9
2016-03-29,Morocco,1572.0,19
2016-03-29,China,1574.0,23
2016-03-29,Jamaica,1577.0,-11
2016-03-29,Scotland,1720.0,8
2016-03-29,South Africa,1581.0,-5
2016-03-29,Trinidad and Tobago,1587.0,4
2016-03-29,Greece,1604.0,-12
2016-03-29,Belarus,1579.0,2
2016-03-29,Albania,1611.0,6
2016-03-29,Serbia,1716.0,7
2016-03-29,Panama,1675.0,7
2016-03-29,Cameroon,1605.0,5
2016-03-29,Uzbekistan,1664.0,5
2016-03-29,Algeria,1654.0,-14
2016-03-29,Senegal,1653.0,7
2016-03-29,Iceland,1672.0,12
2016-03-29,United Arab Emirates,1632.0,-11
2016-03-29,Egypt,1623.0,15
2016-03-29,Bulgaria,1614.0,12
2016-03-29,Bolivia,1612.0,-3
2016-03-29,Nigeria,1612.0,-15
2016-03-29,Venezuela,1611.0,-15
2016-03-29,Norway,1633.0,9
2016-05-28,El Salvador,1437.0,-4
2016-05-28,Rwanda,1315.0,-6
2016-05-28,Mauritania,1296.0,23
2016-05-28,Fiji,1253.0,-14
2016-05-28,Malaysia,1112.0,1
2016-05-28,Vanuatu,1165.0,-27
2016-05-28,Myanmar,1048.0,-1
2016-05-28,Gabon,1449.0,-23
2016-05-28,Solomon Islands,1190.0,27
2016-05-28,Guatemala,1485.0,-23
2016-05-28,Mexico,1926.0,5
2016-05-28,New Zealand,1535.0,14
2016-05-28,Bolivia,1604.0,-8
2016-05-28,Senegal,1659.0,6
2016-05-28,Paraguay,1746.0,-5
2016-05-28,United States,1752.0,8
2016-05-28,Switzerland,1769.0,-9
2016-05-28,Peru,1776.0,4
2016-05-28,Armenia,1507.0,23
2016-05-28,Belgium,1929.0,9
2016-06-13,Seychelles,966.0,-10
2016-06-13,Madagascar,1252.0,8
2016-06-13,Swaziland,1304.0,10
2016-06-13,Jamaica,1553.0,-12
2016-06-13,Venezuela,1693.0,18
2016-06-13,Czechia,1744.0,-10
2016-06-13,Zimbabwe,1393.0,-8
2016-06-13,Sweden,1763.0,0
2016-06-13,Belgium,1879.0,-43
2016-06-13,Uruguay,1894.0,12
2016-06-13,Italy,1918.0,43
2016-06-13,Mexico,1967.0,-18
2016-06-13,Spain,2002.0,10
2016-06-13,Ireland,1758.0,0
2016-09-06,Gabon,1451.0,-4
2016-09-06,Estonia,1453.0,-7
2016-09-06,Iraq,1461.0,-17
2016-09-06,Latvia,1487.0,3
2016-09-06,Jamaica,1495.0,-44
2016-09-06,Guatemala,1510.0,5
2016-09-06,Haiti,1511.0,44
2016-09-06,Canada,1521.0,15
2016-09-06,China,1568.0,5
2016-09-06,Qatar,1533.0,-19
2016-09-06,Trinidad and Tobago,1548.0,-11
2016-09-06,Saudi Arabia,1556.0,17
2016-09-06,Honduras,1559.0,18
2016-09-06,Macedonia,1425.0,-6
2016-09-06,Syria,1517.0,14
2016-09-06,Cyprus,1412.0,-8
2016-09-06,Saint Vincent and the Grenadines,1104.0,-5
2016-09-06,El Salvador,1401.0,-15
2016-09-06,United Arab Emirates,1581.0,-19
2016-09-06,Laos,779.0,-14
2016-09-06,Bangladesh,852.0,-17
2016-09-06,Bhutan,566.0,17
2016-09-06,Andorra,958.0,-3
2016-09-06,Maldives,960.0,14
2016-09-06,Gibraltar,1108.0,-3
2016-09-06,Malaysia,1123.0,-9
2016-09-06,Kyrgyzstan,1217.0,-12
2016-09-06,Indonesia,1220.0,9
2016-09-06,Tajikistan,1228.0,6
2016-09-06,Luxembourg,1232.0,-3
2016-09-06,Faroe Islands,1248.0,16
2016-09-06,Philippines,1280.0,12
2016-09-06,Palestine,1343.0,-6
2016-09-06,Thailand,1406.0,-14
2016-09-06,Bulgaria,1587.0,3
2016-09-06,Chile,1991.0,-18
2016-09-06,Belarus,1613.0,14
2016-09-06,South Korea,1789.0,-14
2016-09-06,Costa Rica,1808.0,13
2016-09-06,Ecuador,1811.0,-16
2016-09-06,Peru,1813.0,16
2016-09-06,Switzerland,1837.0,35
2016-09-06,Belgium,1881.0,8
2016-09-06,United States,1778.0,11
2016-09-06,Mexico,1895.0,-18
2016-09-06,Uruguay,1904.0,16
2016-09-06,Portugal,1924.0,-35
2016-09-06,France,1987.0,-14
2016-09-06,Brazil,2022.0,12
2016-09-06,Argentina,2100.0,-15
2016-09-06,South Africa,1601.0,13
2016-09-06,Netherlands,1902.0,-4
2016-09-06,Bosnia and Herzegovina,1769.0,7
2016-09-06,Colombia,1946.0,-12
2016-09-06,Paraguay,1739.0,-16
2016-09-06,Ghana,1618.0,-5
2016-09-06,Egypt,1619.0,-13
2016-09-06,Cameroon,1622.0,4
2016-09-06,Bolivia,1634.0,18
2016-09-06,Albania,1635.0,6
2016-09-06,Greece,1637.0,3
2016-09-06,Iran,1750.0,-5
2016-09-06,Panama,1664.0,-13
2016-09-06,Venezuela,1694.0,15
2016-09-06,Russia,1704.0,5
2016-09-06,Hungary,1707.0,-16
2016-09-06,Australia,1734.0,19
2016-09-06,Japan,1734.0,14
2016-09-06,Sweden,1738.0,4
2016-09-06,Uzbekistan,1684.0,19
2016-11-19,Singapore,1136.0,12
2016-11-19,Philippines,1252.0,-12
2016-11-19,Indonesia,1195.0,-17
2016-11-19,Thailand,1395.0,17
2016-11-19,Estonia,1430.0,-2
2016-11-19,Saint Kitts and Nevis,1263.0,2
2017-01-15,Belize,1199.0,-2
2017-01-15,Nicaragua,1252.0,-2
2017-01-15,El Salvador,1406.0,-12
2017-01-15,Zimbabwe,1436.0,14
2017-01-15,Honduras,1581.0,12
2017-01-15,Tunisia,1560.0,-27
2017-01-15,Panama,1671.0,2
2017-01-15,Senegal,1709.0,27
2017-01-15,Iceland,1772.0,-7
2017-01-15,Costa Rica,1838.0,2
2017-01-15,Chile,1984.0,7
2017-01-15,Algeria,1621.0,-14
2017-03-23,Bahrain,1425.0,-7
2017-03-23,United Arab Emirates,1562.0,-24
2017-03-23,China,1549.0,29
2017-03-23,Jordan,1517.0,3
2017-03-23,Iraq,1505.0,11
2017-03-23,Uganda,1455.0,1
2017-03-23,Thailand,1394.0,-29
2017-03-23,Syria,1573.0,26
2017-03-23,Tajikistan,1255.0,7
2017-03-23,Tahiti,1250.0,31
2017-03-23,Hong Kong,1196.0,-3
2017-03-23,Afghanistan,1153.0,9
2017-03-23,Singapore,1104.0,-9
2017-03-23,Papua New Guinea,1098.0,-31
2017-03-23,Kenya,1383.0,-1
2017-03-23,Saudi Arabia,1610.0,29
2017-03-23,Qatar,1540.0,-14
2017-03-23,Uzbekistan,1638.0,-26
2017-03-23,Brazil,2118.0,27
2017-03-23,Argentina,2055.0,11
2017-03-23,Colombia,1929.0,4
2017-03-23,Uruguay,1887.0,-27
2017-03-23,Ecuador,1831.0,-23
2017-03-23,Peru,1830.0,-3
2017-03-23,Japan,1778.0,24
2017-03-23,Chile,1973.0,-11
2017-03-23,South Korea,1762.0,-29
2017-03-23,Paraguay,1724.0,23
2017-03-23,Senegal,1705.0,-1
2017-03-23,Bolivia,1628.0,-4
2017-03-23,Australia,1701.0,-11
2017-03-23,Venezuela,1686.0,3
2017-03-23,Nigeria,1667.0,1
2017-03-23,Iran,1772.0,14
2017-06-10,Tanzania,1317.0,-10
2017-06-10,Swaziland,1323.0,4
2017-06-10,Mauritania,1330.0,24
2017-06-10,Malawi,1334.0,3
2017-06-10,Equatorial Guinea,1337.0,-5
2017-06-10,Sierra Leone,1375.0,16
2017-06-10,Mozambique,1363.0,31
2017-06-10,Kazakhstan,1368.0,-12
2017-06-10,Kenya,1380.0,-16
2017-06-10,Burundi,1311.0,9
2017-06-10,Namibia,1351.0,-20
2017-06-10,Guinea-Bissau,1288.0,20
2017-06-10,Singapore,1081.0,-36
2017-06-10,Botswana,1250.0,-24
2017-06-10,Lesotho,1245.0,10
2017-06-10,Malta,1226.0,-3
2017-06-10,Angola,1217.0,-4
2017-06-10,Bermuda,1212.0,11
2017-06-10,Grenada,1112.0,-11
2017-06-10,Congo,1403.0,-10
2017-06-10,South Sudan,1064.0,-9
2017-06-10,Comoros,1019.0,-3
2017-06-10,Taiwan,891.0,36
2017-06-10,San Marino,858.0,0
2017-06-10,Niger,1287.0,-4
2017-06-10,Zambia,1414.0,-31
2017-06-10,Mali,1531.0,11
2017-06-10,Gabon,1430.0,-11
2017-06-10,Germany,2040.0,0
2017-06-10,England,1917.0,-8
2017-06-10,Poland,1872.0,10
2017-06-10,Slovakia,1766.0,10
2017-06-10,Denmark,1737.0,12
2017-06-10,Senegal,1702.0,5
2017-06-10,Czechia,1697.0,-2
2017-06-10,Cameroon,1691.0,11
2017-06-10,Azerbaijan,1423.0,-13
2017-06-10,Northern Ireland,1681.0,13
2017-06-10,Romania,1667.0,-10
2017-06-10,Ivory Coast,1652.0,-34
2017-06-10,Scotland,1685.0,8
2017-06-10,Slovenia,1642.0,3
2017-06-10,Lithuania,1447.0,-10
2017-06-10,South Africa,1648.0,44
2017-06-10,Guinea,1534.0,34
2017-06-10,Norway,1561.0,2
2017-06-10,Armenia,1500.0,-20
2017-06-10,Montenegro,1596.0,20
2017-06-10,Morocco,1598.0,-11
2017-06-10,Burkina Faso,1607.0,4
2017-06-10,Nigeria,1629.0,-44
2017-06-10,Democratic Republic of Congo,1595.0,10
2017-07-01,Botswana,1240.0,-10
2017-07-01,Mexico,1920.0,5
2017-07-01,United States,1769.0,3
2017-07-01,Paraguay,1707.0,-5
2017-07-01,Ghana,1574.0,-3
2017-07-01,Zambia,1441.0,10
2017-07-01,Namibia,1345.0,-6
2017-07-01,Lesotho,1251.0,6
2017-08-23,Turkmenistan,1252.0,-2
2017-08-23,Qatar,1557.0,2
2017-10-10,Brazil,2112.0,9
2017-10-10,Vietnam,1286.0,3
2017-10-10,Luxembourg,1306.0,11
2017-10-10,Mozambique,1311.0,14
2017-10-10,Bahrain,1371.0,-37
2017-10-10,Latvia,1375.0,5
2017-10-10,Palestine,1406.0,1
2017-10-10,Faroe Islands,1281.0,-3
2017-10-10,Benin,1415.0,11
2017-10-10,Cyprus,1421.0,-2
2017-10-10,Trinidad and Tobago,1434.0,33
2017-10-10,Cape Verde,1438.0,-14
2017-10-10,Lebanon,1440.0,37
2017-10-10,North Korea,1442.0,-37
2017-10-10,Oman,1458.0,5
2017-10-10,Gabon,1420.0,-11
2017-10-10,Curaçao,1267.0,18
2017-10-10,Turkmenistan,1255.0,7
2017-10-10,Philippines,1241.0,-1
2017-10-10,Bhutan,595.0,-1
2017-10-10,Cambodia,821.0,-3
2017-10-10,Nepal,893.0,-6
2017-10-10,Taiwan,930.0,37
2017-10-10,Maldives,946.0,-5
2017-10-10,Andorra,1012.0,-5
2017-10-10,Gibraltar,1078.0,-1
2017-10-10,Singapore,1078.0,-7
2017-10-10,Myanmar,1080.0,2
2017-10-10,Malaysia,1081.0,-14
2017-10-10,Afghanistan,1141.0,16
2017-10-10,Kyrgyzstan,1206.0,-2
2017-10-10,Hong Kong,1219.0,14
2017-10-10,Yemen,1221.0,1
2017-10-10,Tajikistan,1222.0,6
2017-10-10,Jordan,1484.0,-16
2017-10-10,Qatar,1488.0,-18
2017-10-10,Haiti,1479.0,8
2017-10-10,Belarus,1509.0,-1
2017-10-10,Paraguay,1752.0,-29
2017-10-10,Costa Rica,1760.0,-22
2017-10-10,Iran,1786.0,0
2017-10-10,Sweden,1791.0,-18
2017-10-10,Mexico,1829.0,-29
2017-10-10,Chile,1859.0,-9
2017-10-10,Switzerland,1865.0,-14
2017-10-10,Netherlands,1872.0,18
2017-10-10,Uruguay,1876.0,12
2017-10-10,Peru,1890.0,-4
2017-10-10,Belgium,1929.0,2
2017-10-10,Colombia,1932.0,4
2017-10-10,France,1979.0,1
2017-10-10,Portugal,2000.0,14
2017-10-10,Argentina,2004.0,20
2017-10-10,Estonia,1495.0,-14
2017-10-10,Venezuela,1747.0,29
2017-10-10,Japan,1751.0,-8
2017-10-10,United States,1743.0,-33
2017-10-10,Saudi Arabia,1603.0,-24
2017-10-10,Bulgaria,1610.0,-11
2017-10-10,Syria,1612.0,-10
2017-10-10,Hungary,1614.0,3
2017-10-10,Ecuador,1747.0,-20
2017-10-10,Honduras,1626.0,29
2017-10-10,Morocco,1652.0,19
2017-10-10,Ghana,1617.0,24
2017-10-10,Panama,1669.0,22
2017-10-10,Russia,1696.0,0
2017-10-10,South Korea,1700.0,-19
2017-10-10,Bolivia,1706.0,-12
2017-10-10,Australia,1713.0,10
2017-10-10,Bosnia and Herzegovina,1724.0,14
2017-10-10,Greece,1666.0,1
2017-12-15,New Caledonia,1207.0,-38
2017-12-15,Tuvalu,757.0,10
2017-12-15,Solomon Islands,1196.0,-15
2017-12-15,Tonga,546.0,-10
2017-12-15,Vanuatu,1222.0,15
2017-12-15,Zanzibar,1357.0,28
2017-12-15,Fiji,1253.0,38
2017-12-15,Uganda,1442.0,-28
2017-12-15,Oman,1462.0,3
2017-12-15,Yemen,1224.0,-3
2018-03-27,Tanzania,1312.0,23
2018-03-27,Luxembourg,1325.0,-6
2018-03-27,Kenya,1372.0,-13
2018-03-27,Namibia,1386.0,4
2018-03-27,Azerbaijan,1392.0,4
2018-03-27,Palestine,1403.0,-9
2018-03-27,Kosovo,1405.0,24
2018-03-27,Lithuania,1411.0,15
2018-03-27,Bahrain,1418.0,15
2018-03-27,Lebanon,1458.0,2
2018-03-27,Malawi,1306.0,6
2018-03-27,North Korea,1459.0,7
2018-03-27,Armenia,1463.0,-15
2018-03-27,Jordan,1467.0,-14
2018-03-27,Georgia,1503.0,12
2018-03-27,Estonia,1503.0,-12
2018-03-27,Macedonia,1517.0,-4
2018-03-27,Belarus,1530.0,23
2018-03-27,Algeria,1534.0,-4
2018-03-27,Oman,1540.0,9
2018-03-27,Uganda,1452.0,-6
2018-03-27,Vietnam,1288.0,14
2018-03-27,Lesotho,1254.0,-4
2018-03-27,Iraq,1560.0,-2
2018-03-27,Bhutan,588.0,-6
2018-03-27,Mongolia,660.0,-4
2018-03-27,Macao,674.0,-2
2018-03-27,Laos,770.0,-2
2018-03-27,Bangladesh,809.0,2
2018-03-27,Cambodia,821.0,-5
2018-03-27,Nepal,899.0,-6
2018-03-27,Seychelles,943.0,6
2018-03-27,Maldives,945.0,6
2018-03-27,Taiwan,997.0,19
2018-03-27,Swaziland,1286.0,-6
2018-03-27,Singapore,1043.0,-19
2018-03-27,Myanmar,1072.0,2
2018-03-27,Mauritius,1074.0,4
2018-03-27,India,1151.0,-11
2018-03-27,Afghanistan,1158.0,5
2018-03-27,Hong Kong,1187.0,-7
2018-03-27,Philippines,1190.0,17
2018-03-27,Yemen,1197.0,6
2018-03-27,Tajikistan,1199.0,-17
2018-03-27,Turkmenistan,1243.0,-15
2018-03-27,Kyrgyzstan,1246.0,11
2018-03-27,Malaysia,1055.0,-2
2018-03-27,Saudi Arabia,1565.0,-2
2018-03-27,Central African Republic,1308.0,13
2018-03-27,Burkina Faso,1583.0,-24
2018-03-27,United States,1754.0,7
2018-03-27,Serbia,1770.0,13
2018-03-27,Sweden,1795.0,-10
2018-03-27,Iran,1796.0,4
2018-03-27,Poland,1830.0,5
2018-03-27,Denmark,1841.0,-2
2018-03-27,Croatia,1853.0,11
2018-03-27,Mexico,1858.0,-11
2018-03-27,Chile,1873.0,2
2018-03-27,Switzerland,1878.0,6
2018-03-27,Italy,1897.0,4
2018-03-27,Peru,1906.0,11
2018-03-27,Belgium,1929.0,2
2018-03-27,Colombia,1934.0,-6
2018-03-27,England,1940.0,-4
2018-03-27,France,1983.0,8
2018-03-27,Argentina,1983.0,-12
2018-03-27,Spain,2048.0,12
2018-03-27,Germany,2091.0,-12
2018-03-27,Brazil,2130.0,12
2018-03-27,Democratic Republic of Congo,1579.0,-23
2018-03-27,South Korea,1746.0,-5
2018-03-27,Paraguay,1745.0,-7
2018-03-27,Iceland,1787.0,-11
2018-03-27,Ukraine,1742.0,9
2018-03-27,Hungary,1583.0,-10
2018-03-27,Ivory Coast,1598.0,4
2018-03-27,Slovenia,1606.0,-23
2018-03-27,Uzbekistan,1608.0,-8
2018-03-27,Montenegro,1609.0,0
2018-03-27,Syria,1611.0,2
2018-03-27,Costa Rica,1743.0,-13
2018-03-27,Tunisia,1643.0,13
2018-03-27,Panama,1661.0,-6
2018-03-27,Greece,1664.0,10
2018-03-27,Russia,1684.0,-8
2018-03-27,Egypt,1637.0,-10
2018-03-27,Nigeria,1698.0,-13
2018-03-27,Romania,1705.0,10
2018-03-27,Morocco,1709.0,8
2018-03-27,Australia,1715.0,6
2018-03-27,Scotland,1717.0,10
2018-03-27,Turkey,1719.0,0
2018-03-27,Austria,1725.0,6
2018-03-27,Bosnia and Herzegovina,1731.0,0
2018-03-27,Japan,1693.0,-9
2018-03-27,Senegal,1742.0,0
2018-06-01,Cape Verde,1439.0,15
2018-06-01,Botswana,1313.0,21
2018-06-01,Malawi,1274.0,-1
2018-06-01,Angola,1252.0,1
2018-06-01,Taiwan,986.0,-11
2018-06-01,India,1162.0,11
2018-06-01,Mauritius,1072.0,-21
2018-06-01,Algeria,1505.0,-15
2018-06-01,Malta,1204.0,-3
2018-06-01,Georgia,1506.0,3
2018-06-01,France,1994.0,8
2018-06-01,Tunisia,1653.0,2
2018-06-01,Czechia,1702.0,-19
2018-06-01,Turkey,1726.0,-2
2018-06-01,South Korea,1732.0,-20
2018-06-01,Australia,1734.0,19
2018-06-01,Bosnia and Herzegovina,1745.0,20
2018-06-01,Italy,1892.0,-8
2018-06-01,Colombia,1927.0,-7
2018-06-01,Egypt,1641.0,7
2018-08-26,Anguilla,566.0,-5
2018-08-26,Saint Martin,853.0,5
2018-08-26,Barbados,1137.0,2
2018-08-26,Cuba,1287.0,-2
2018-08-26,Lesotho,1316.0,6
2018-08-26,Eswatini,1255.0,-6
2018-11-17,Faroe Islands,1254.0,-12
2018-11-17,Lithuania,1340.0,-4
2018-11-17,Cuba,1338.0,12
2018-11-17,Gambia,1303.0,35
2018-11-17,Namibia,1381.0,-10
2018-11-17,Equatorial Guinea,1292.0,-5
2018-11-17,Nicaragua,1279.0,-22
2018-11-17,Dominican Republic,1264.0,-12
2018-11-17,Suriname,1257.0,-4
2018-11-17,Malawi,1250.0,-26
2018-11-17,Comoros,1090.0,26
2018-11-17,India,1213.0,-2
2018-11-17,Indonesia,1208.0,-10
2018-11-17,Vanuatu,1206.0,-3
2018-11-17,Philippines,1202.0,2
2018-11-17,Malta,1179.0,-24
2018-11-17,Saint Lucia,1140.0,-6
2018-11-17,Seychelles,966.0,-9
2018-11-17,Cayman Islands,943.0,6
2018-11-17,East Timor,650.0,-2
2018-11-17,Benin,1386.0,-35
2018-11-17,New Caledonia,1219.0,3
2018-11-17,Cape Verde,1398.0,-12
2018-11-17,Guinea-Bissau,1309.0,10
2018-11-17,Thailand,1412.0,10
2018-11-17,Portugal,1974.0,1
2018-11-17,Sweden,1834.0,20
2018-11-17,Serbia,1804.0,7
2018-11-17,South Korea,1774.0,1
2018-11-17,Senegal,1755.0,5
2018-11-17,Romania,1733.0,4
2018-11-17,Australia,1722.0,-1
2018-11-17,Nigeria,1720.0,-5
2018-11-17,Scotland,1712.0,32
2018-11-17,Turkey,1692.0,-20
2018-11-17,Montenegro,1606.0,-7
2018-11-17,Italy,1882.0,-1
2018-11-17,South Africa,1544.0,5
2018-11-17,Mali,1527.0,21
2018-11-17,Haiti,1521.0,22
2018-11-17,Albania,1499.0,-32
2018-11-17,Kosovo,1474.0,24
2018-11-17,Gabon,1404.0,-21
2018-11-17,Libya,1473.0,9
2018-11-17,Jordan,1469.0,2
2018-11-17,Uganda,1463.0,12
2018-11-17,Azerbaijan,1425.0,12
2018-11-17,Jamaica,1568.0,4
2018-12-28,Afghanistan,1152.0,3
2018-12-28,Turkmenistan,1252.0,-3
2018-12-28,Palestine,1395.0,-5
2018-12-28,Kuwait,1439.0,23
2018-12-28,United Arab Emirates,1484.0,-23
2018-12-28,China,1517.0,-2
2018-12-28,Iraq,1583.0,5
2018-12-28,Jordan,1448.0,2
2019-06-10,Kosovo,1543.0,30
2019-06-10,Georgia,1526.0,-5
2019-06-10,North Macedonia,1496.0,-26
2019-06-10,Trinidad and Tobago,1429.0,-10
2019-06-10,Luxembourg,1356.0,-1
2019-06-10,Fiji,1236.0,3
2019-06-10,Faroe Islands,1226.0,-7
2019-06-10,Vanuatu,1210.0,-3
2019-06-10,Malta,1190.0,-5
2019-06-10,Gibraltar,1094.0,-1
2019-06-10,Montenegro,1561.0,-13
2019-06-10,Lithuania,1321.0,-3
2019-06-10,Canada,1565.0,10
2019-06-10,Latvia,1250.0,-21
2019-06-10,Bulgaria,1579.0,-30
2019-06-10,Slovenia,1571.0,21
2019-06-10,Denmark,1889.0,5
2019-06-10,Sweden,1826.0,-12
2019-06-10,Ukraine,1824.0,1
2019-06-10,Poland,1803.0,12
2019-06-10,Serbia,1796.0,3
2019-06-10,Spain,2027.0,12
2019-06-10,Czechia,1737.0,13
2019-06-10,Austria,1735.0,26
2019-06-10,Ireland,1728.0,1
2019-06-10,Norway,1684.0,7
2019-06-10,Romania,1750.0,5
2019-06-10,Israel,1597.0,-12
2019-07-19,Tajikistan,1252.0,-11
2019-07-19,Senegal,1749.0,-33
2019-07-19,Algeria,1702.0,33
2019-07-19,North Korea,1366.0,11
2019-11-19,Burundi,1269.0,-13
2019-11-19,Cuba,1268.0,-5
2019-11-19,Turkmenistan,1268.0,1
2019-11-19,Yemen,1209.0,-25
2019-11-19,Niger,1252.0,-37
2019-11-19,Tajikistan,1236.0,8
2019-11-19,Kyrgyzstan,1272.0,-8
2019-11-19,Latvia,1254.0,37
2019-11-19,Ethiopia,1282.0,34
2019-11-19,Mauritania,1379.0,22
2019-11-19,Bermuda,1299.0,-1
2019-11-19,Tanzania,1317.0,-13
2019-11-19,Central African Republic,1345.0,-22
2019-11-19,Kazakhstan,1360.0,-6
2019-11-19,Thailand,1361.0,9
2019-11-19,Azerbaijan,1376.0,-4
2019-11-19,Malaysia,1204.0,18
2019-11-19,North Korea,1379.0,8
2019-11-19,Palestine,1385.0,-10
2019-11-19,Equatorial Guinea,1297.0,-10
2019-11-19,India,1192.0,-3
2019-11-19,Saint Lucia,1035.0,-35
2019-11-19,Dominican Republic,1182.0,-6
2019-11-19,Cyprus,1399.0,-1
2019-11-19,Anguilla,547.0,-3
2019-11-19,Sri Lanka,673.0,-1
2019-11-19,US Virgin Islands,705.0,-19
2019-11-19,Mongolia,733.0,-3
2019-11-19,Guam,736.0,-9
2019-11-19,San Marino,820.0,-1
2019-11-19,Cambodia,840.0,-4
2019-11-19,Saint Martin,853.0,19
2019-11-19,Hong Kong,1188.0,4
2019-11-19,Montserrat,860.0,35
2019-11-19,Taiwan,943.0,-2
2019-11-19,Maldives,949.0,9
2019-11-19,Puerto Rico,974.0,3
2019-11-19,Myanmar,1050.0,3
2019-11-19,Barbados,1103.0,12
2019-11-19,Indonesia,1120.0,-18
2019-11-19,Afghanistan,1140.0,-1
2019-11-19,Philippines,1156.0,-5
2019-11-19,Singapore,1161.0,25
2019-11-19,Cayman Islands,913.0,-12
2019-11-19,Lebanon,1407.0,-8
2019-11-19,Nepal,923.0,-2
2019-11-19,Vietnam,1411.0,-9
2019-11-19,Northern Ireland,1678.0,-8
2019-11-19,United States,1720.0,5
2019-11-19,Qatar,1725.0,1
2019-11-19,Ecuador,1726.0,-4
2019-11-19,Slovakia,1734.0,4
2019-11-19,Paraguay,1738.0,-3
2019-11-19,Austria,1740.0,-37
2019-11-19,Japan,1750.0,-21
2019-11-19,South Korea,1753.0,-5
2019-11-19,Morocco,1659.0,13
2019-11-19,Wales,1782.0,12
2019-11-19,Russia,1794.0,1
2019-11-19,Venezuela,1829.0,21
2019-11-19,Mexico,1901.0,1
2019-11-19,Germany,1964.0,8
2019-11-19,Colombia,1985.0,4
2019-11-19,Netherlands,2017.0,2
2019-11-19,Brazil,2081.0,5
2019-11-19,Belgium,2083.0,1
2019-11-19,Zimbabwe,1408.0,30
2019-11-19,Poland,1789.0,6
2019-11-19,Scotland,1639.0,6
2019-11-19,Croatia,1920.0,1
2019-11-19,Hungary,1618.0,-12
2019-11-19,Tunisia,1619.0,10
2019-11-19,Madagascar,1429.0,37
2019-11-19,Zambia,1432.0,-30
2019-11-19,Estonia,1433.0,-2
2019-11-19,Libya,1463.0,13
2019-11-19,Jordan,1478.0,2
2019-11-19,El Salvador,1489.0,6
2019-11-19,Belarus,1493.0,-10
2019-11-19,Bahrain,1510.0,6
2019-11-19,Kuwait,1426.0,2
2019-11-19,Syria,1486.0,5
2019-11-19,Saudi Arabia,1520.0,3
2019-11-19,Ivory Coast,1615.0,-34
2019-11-19,Oman,1519.0,3
2019-11-19,Slovenia,1585.0,-6
2019-11-19,Uzbekistan,1580.0,10
2019-11-19,Georgia,1550.0,-1
2019-11-19,Iraq,1599.0,-6
2019-11-19,Israel,1538.0,-16
2019-11-19,Montenegro,1523.0,10
2019-11-19,North Macedonia,1546.0,16
2020-09-06,Andorra,1101.0,-19
2020-09-06,Greece,1633.0,22
2020-09-06,Malta,1156.0,-1
2020-09-06,Latvia,1243.0,1
2020-09-06,Faroe Islands,1256.0,19
2020-09-06,Kosovo,1524.0,-22
2020-09-06,Bulgaria,1558.0,-5
2020-09-06,Slovenia,1584.0,3
2020-09-06,Hungary,1635.0,-16
2020-09-06,Serbia,1763.0,-7
2020-09-06,Ireland,1695.0,-30
2020-09-06,Turkey,1752.0,7
2020-09-06,Wales,1805.0,5
2020-09-06,Russia,1831.0,16
2020-09-06,Ukraine,1857.0,-14
2020-09-06,Switzerland,1879.0,-1
2020-09-06,Germany,1963.0,1
2020-09-06,Spain,2043.0,14
2020-09-06,Finland,1659.0,30
2020-10-07,Montenegro,1558.0,-8
2020-10-07,Zambia,1437.0,5
2020-10-07,Cape Verde,1406.0,5
2020-10-07,Estonia,1372.0,-22
2020-10-07,Lithuania,1342.0,22
2020-10-07,Cyprus,1341.0,-3
2020-10-07,Malawi,1337.0,-5
2020-10-07,Liechtenstein,1166.0,17
2020-10-07,Faroe Islands,1255.0,-1
2020-10-07,Latvia,1251.0,8
2020-10-07,Malta,1164.0,8
2020-10-07,Andorra,1096.0,-5
2020-10-07,Gibraltar,1082.0,-8
2020-10-07,Slovenia,1584.0,0
2020-10-07,San Marino,808.0,0
2020-10-07,Greece,1628.0,-5
2020-10-07,Luxembourg,1335.0,-17
2020-10-07,Austria,1741.0,5
2020-10-07,Finland,1652.0,-7
2020-10-07,France,2079.0,6
2020-10-07,Portugal,2028.0,-2
2020-10-07,Italy,1982.0,0
2020-10-07,Netherlands,1978.0,-15
2020-10-07,Germany,1956.0,-7
2020-10-07,Mexico,1918.0,15
2020-10-07,Spain,2045.0,2
2020-10-07,Denmark,1869.0,1
2020-10-07,Switzerland,1866.0,-13
2020-10-07,Ukraine,1851.0,-6
2020-10-07,Poland,1812.0,7
2020-10-07,Turkey,1759.0,7
2020-10-07,Czechia,1744.0,3
2020-10-07,Croatia,1902.0,13
2020-11-17,Sudan,1328.0,32
2020-11-17,Central African Republic,1331.0,-8
2020-11-17,Sierra Leone,1344.0,12
2020-11-17,Angola,1349.0,-19
2020-11-17,Luxembourg,1362.0,-5
2020-11-17,Madagascar,1422.0,6
2020-11-17,Cape Verde,1384.0,-1
2020-11-17,Democratic Republic of Congo,1500.0,19
2020-11-17,Montenegro,1531.0,12
2020-11-17,Cyprus,1326.0,-12
2020-11-17,Azerbaijan,1383.0,5
2020-11-17,Namibia,1312.0,-13
2020-11-17,Niger,1254.0,-29
2020-11-17,Togo,1292.0,-16
2020-11-17,Tanzania,1291.0,12
2020-11-17,Ethiopia,1275.0,29
2020-11-17,Rwanda,1267.0,1
2020-11-17,Faroe Islands,1262.0,3
2020-11-17,Latvia,1261.0,33
2020-11-17,Uzbekistan,1552.0,-8
2020-11-17,Malta,1215.0,-3
2020-11-17,Liechtenstein,1115.0,5
2020-11-17,Gibraltar,1095.0,-5
2020-11-17,Andorra,1037.0,-33
2020-11-17,Nepal,909.0,1
2020-11-17,Bangladesh,846.0,-1
2020-11-17,Lesotho,1293.0,5
2020-11-17,Saudi Arabia,1556.0,-13
2020-11-17,Benin,1476.0,-5
2020-11-17,Bolivia,1582.0,14
2020-11-17,Brazil,2135.0,28
2020-11-17,Mali,1574.0,13
2020-11-17,Spain,2049.0,26
2020-11-17,Portugal,2038.0,17
2020-11-17,Argentina,1994.0,26
2020-11-17,Germany,1955.0,-26
2020-11-17,Uruguay,1953.0,-28
2020-11-17,Mexico,1928.0,8
2020-11-17,Colombia,1896.0,-47
2020-11-17,Croatia,1859.0,-17
2020-11-17,Ecuador,1826.0,47
2020-11-17,Sweden,1820.0,-7
2020-11-17,Chile,1813.0,-17
2020-11-17,France,2092.0,7
2020-11-17,Peru,1792.0,-26
2020-11-17,Venezuela,1801.0,17
2020-11-17,Egypt,1601.0,16
2020-11-17,Ghana,1603.0,-32
2020-11-17,Tunisia,1615.0,-12
2020-11-17,Ivory Coast,1617.0,-6
2020-11-17,Iraq,1628.0,8
2020-11-17,Jamaica,1582.0,13
2020-11-17,Nigeria,1668.0,-12
2020-11-17,Morocco,1681.0,8
2020-11-17,Japan,1745.0,-8
2020-11-17,Paraguay,1769.0,-14
2020-11-17,South Korea,1773.0,7
2020-11-17,Qatar,1642.0,-7
2021-03-28,Lithuania,1360.0,-1
2021-03-28,Sudan,1382.0,36
2021-03-28,Guinea,1433.0,-23
2021-03-28,Curaçao,1434.0,11
2021-03-28,South Africa,1478.0,-36
2021-03-28,Kosovo,1484.0,-15
2021-03-28,Bulgaria,1488.0,-5
2021-03-28,Georgia,1500.0,-3
2021-03-28,Libya,1354.0,-20
2021-03-28,El Salvador,1466.0,-19
2021-03-28,Trinidad and Tobago,1352.0,-13
2021-03-28,Liechtenstein,1106.0,-3
2021-03-28,Namibia,1335.0,23
2021-03-28,Kazakhstan,1332.0,-1
2021-03-28,Tanzania,1294.0,20
2021-03-28,San Marino,829.0,-1
2021-03-28,Cuba,1252.0,-11
2021-03-28,Sao Tome and Principe,1063.0,-1
2021-03-28,Andorra,1034.0,0
2021-03-28,Dominica,1012.0,-2
2021-03-28,Puerto Rico,994.0,13
2021-03-28,Montserrat,893.0,19
2021-03-28,Panama,1542.0,2
2021-03-28,Equatorial Guinea,1352.0,-4
2021-03-28,Albania,1550.0,-9
2021-03-28,Faroe Islands,1264.0,-2
2021-03-28,North Macedonia,1562.0,3
2021-03-28,Armenia,1558.0,30
2021-03-28,Spain,2034.0,3
2021-03-28,Italy,2006.0,5
2021-03-28,Germany,1971.0,10
2021-03-28,England,1970.0,9
2021-03-28,Denmark,1939.0,1
2021-03-28,Switzerland,1882.0,1
2021-03-28,Sweden,1838.0,15
2021-03-28,Ukraine,1837.0,-12
2021-03-28,Poland,1814.0,0
2021-03-28,Austria,1786.0,2
2021-03-28,France,2077.0,1
2021-03-28,Hungary,1743.0,1
2021-03-28,United States,1765.0,8
2021-03-28,Israel,1578.0,-1
2021-03-28,Iceland,1596.0,-30
2021-03-28,Honduras,1604.0,-6
2021-03-28,Ghana,1605.0,1
2021-03-28,Northern Ireland,1575.0,-8
2021-03-28,Greece,1650.0,6
2021-03-28,Scotland,1662.0,1
2021-03-28,Romania,1666.0,-10
2021-03-28,Finland,1711.0,12
2021-03-28,Tunisia,1643.0,4
2021-05-24,United Arab Emirates,1453.0,16
2021-05-24,Tajikistan,1251.0,9
2021-05-24,Iraq,1630.0,-9
2021-05-24,Jordan,1476.0,-16
2021-06-07,Singapore,1139.0,-7
2021-06-07,Faroe Islands,1263.0,7
2021-06-07,Central African Republic,1282.0,-14
2021-06-07,Tajikistan,1252.0,-2
2021-06-07,Kyrgyzstan,1234.0,-38
2021-06-07,India,1200.0,8
2021-06-07,Philippines,1147.0,-9
2021-06-07,Indonesia,1108.0,-12
2021-06-07,Mongolia,769.0,38
2021-06-07,Gibraltar,1088.0,1
2021-06-07,Andorra,1029.0,-1
2021-06-07,Nepal,941.0,-3
2021-06-07,Taiwan,909.0,-1
2021-06-07,Bangladesh,850.0,-8
2021-06-07,Cambodia,838.0,-1
2021-06-07,Guam,734.0,-1
2021-06-07,Latvia,1288.0,-1
2021-06-07,Liechtenstein,1092.0,-7
2021-06-07,Thailand,1319.0,-13
2021-06-07,Syria,1481.0,1
2021-06-07,Cyprus,1365.0,-2
2021-06-07,Germany,1935.0,1
2021-06-07,Rwanda,1324.0,14
2021-06-07,Iran,1794.0,25
2021-06-07,Serbia,1792.0,-6
2021-06-07,Japan,1762.0,2
2021-06-07,Australia,1731.0,1
2021-06-07,Qatar,1658.0,8
2021-06-07,Iraq,1631.0,1
2021-06-07,Ukraine,1814.0,2
2021-06-07,Uzbekistan,1568.0,7
2021-06-07,Bahrain,1544.0,-25
2021-06-07,Oman,1496.0,-8
2021-06-07,Jordan,1477.0,3
2021-06-07,United Arab Emirates,1474.0,13
2021-06-07,China,1473.0,9
2021-06-07,Vietnam,1425.0,12
2021-06-07,Jamaica,1578.0,6
2021-09-04,Montenegro,1528.0,-4
2021-09-04,Haiti,1527.0,20
2021-09-04,Jordan,1450.0,-20
2021-09-04,Luxembourg,1395.0,-4
2021-09-04,Azerbaijan,1377.0,16
2021-09-04,Kuwait,1373.0,-2
2021-09-04,Kazakhstan,1359.0,-3
2021-09-04,Burundi,1252.0,8
2021-09-04,Latvia,1283.0,-7
2021-09-04,Malta,1256.0,-3
2021-09-04,Faroe Islands,1247.0,-1
2021-09-04,Gibraltar,1076.0,-3
2021-09-04,Seychelles,893.0,-8
2021-09-04,Ireland,1604.0,-16
2021-09-04,Cyprus,1316.0,-9
2021-09-04,Slovenia,1616.0,3
2021-09-04,Scotland,1626.0,2
2021-09-04,Bosnia and Herzegovina,1648.0,2
2021-09-04,France,2046.0,-9
2021-09-04,Portugal,2012.0,4
2021-09-04,Netherlands,1920.0,4
2021-09-04,Croatia,1841.0,17
2021-09-04,Serbia,1802.0,4
2021-09-04,Ukraine,1789.0,9
2021-09-04,Norway,1749.0,7
2021-09-04,Denmark,1970.0,1
2021-09-04,Russia,1739.0,9
2021-09-04,Turkey,1719.0,3
2021-09-04,Finland,1708.0,3
2021-09-04,Qatar,1681.0,-4
2021-09-04,Israel,1662.0,41
2021-09-04,Slovakia,1656.0,-17
2021-09-04,Austria,1740.0,-41
2021-10-09,Gambia,1355.0,-16
2021-10-09,Kazakhstan,1358.0,-17
2021-10-09,Sudan,1358.0,4
2021-10-09,Namibia,1383.0,-6
2021-10-09,Guinea,1423.0,-4
2021-10-09,Luxembourg,1394.0,-6
2021-10-09,Curaçao,1405.0,-12
2021-10-09,Georgia,1463.0,-22
2021-10-09,Sierra Leone,1353.0,16
2021-10-09,Guinea-Bissau,1383.0,-6
2021-10-09,Azerbaijan,1352.0,-22
2021-10-09,Andorra,1038.0,0
2021-10-09,Lithuania,1333.0,42
2021-10-09,Zimbabwe,1333.0,-7
2021-10-09,Ethiopia,1325.0,-23
2021-10-09,Faroe Islands,1253.0,-7
2021-10-09,Togo,1251.0,0
2021-10-09,Malaysia,1192.0,-7
2021-10-09,Bulgaria,1492.0,-42
2021-10-09,Cambodia,852.0,14
2021-10-09,San Marino,816.0,0
2021-10-09,Guam,714.0,-14
2021-10-09,Congo,1350.0,0
2021-10-09,Kosovo,1502.0,-5
2021-10-09,New Zealand,1498.0,12
2021-10-09,Switzerland,1913.0,5
2021-10-09,England,2045.0,0
2021-10-09,Portugal,2018.0,3
2021-10-09,Denmark,1978.0,1
2021-10-09,South Africa,1551.0,23
2021-10-09,Sweden,1865.0,5
2021-10-09,Ukraine,1814.0,21
2021-10-09,Serbia,1803.0,6
2021-10-09,Poland,1782.0,0
2021-10-09,Senegal,1705.0,6
2021-10-09,Greece,1704.0,22
2021-10-09,Morocco,1701.0,6
2021-10-09,Austria,1716.0,7
2021-10-09,Hungary,1677.0,-32
2021-10-09,Uzbekistan,1554.0,7
2021-10-09,Finland,1683.0,-21
2021-10-09,Northern Ireland,1602.0,-5
2021-10-09,Albania,1604.0,32
2021-10-09,Ireland,1631.0,22
2021-10-09,Ghana,1588.0,7
2021-10-09,Bosnia and Herzegovina,1649.0,17
2021-10-09,Scotland,1671.0,14
2021-10-09,Qatar,1673.0,-3
2021-10-09,Israel,1641.0,-14
2021-11-13,Mozambique,1284.0,-8
2021-11-13,Sierra Leone,1333.0,-20
2021-11-13,Liberia,1326.0,-8
2021-11-13,Sri Lanka,656.0,-10
2021-11-13,Latvia,1309.0,19
2021-11-13,Central African Republic,1295.0,-8
2021-11-13,Malawi,1292.0,-13
2021-11-13,Cuba,1276.0,-14
2021-11-13,Mauritania,1340.0,-23
2021-11-13,Burundi,1244.0,4
2021-11-13,Nicaragua,1230.0,14
2021-11-13,Gibraltar,1065.0,-1
2021-11-13,Myanmar,1006.0,-4
2021-11-13,Maldives,904.0,-18
2021-11-13,Seychelles,901.0,10
2021-11-13,Bangladesh,878.0,18
2021-11-13,Comoros,1253.0,20
2021-11-13,Kazakhstan,1344.0,-1
2021-11-13,Cape Verde,1453.0,8
2021-11-13,Estonia,1431.0,-1
2021-11-13,Equatorial Guinea,1426.0,29
2021-11-13,France,2104.0,1
2021-11-13,Belgium,2082.0,1
2021-11-13,Netherlands,1919.0,-15
2021-11-13,Wales,1827.0,5
2021-11-13,Norway,1742.0,-19
2021-11-13,Turkey,1711.0,1
2021-11-13,Finland,1732.0,36
2021-11-13,Nigeria,1657.0,8
2021-11-13,Tunisia,1634.0,-29
2021-11-13,Bosnia and Herzegovina,1626.0,-36
2021-11-13,Cameroon,1588.0,13
2021-11-13,Montenegro,1529.0,15
2021-11-13,Belarus,1443.0,-5
2021-11-13,Zambia,1433.0,23
2021-11-13,Ivory Coast,1665.0,8
2022-03-08,Eswatini,1250.0,8
2022-03-08,Lesotho,1191.0,-8
2022-03-21,Papua New Guinea,1173.0,26
2022-03-21,New Caledonia,1220.0,-26
2022-03-21,New Zealand,1532.0,14
2022-03-21,Fiji,1250.0,-14
2022-06-06,Trinidad and Tobago,1342.0,1
2022-06-06,Libya,1331.0,-16
2022-06-06,Azerbaijan,1292.0,10
2022-06-06,Nicaragua,1251.0,-4
2022-06-06,Andorra,1073.0,3
2022-06-06,Liechtenstein,1051.0,-4
2022-06-06,Bonaire,973.0,-11
2022-06-06,Aruba,935.0,30
2022-06-06,Cayman Islands,865.0,-16
2022-06-06,Saint Martin,820.0,-30
2022-06-06,Sint Maarten,769.0,11
2022-06-06,Turks and Caicos Islands,735.0,-19
2022-06-06,US Virgin Islands,683.0,19
2022-06-06,British Virgin Islands,616.0,16
2022-06-06,Bahamas,872.0,-1
2022-06-06,Latvia,1350.0,4
2022-06-06,Saint Vincent and the Grenadines,1089.0,4
2022-06-06,Curaçao,1410.0,29
2022-06-06,Kazakhstan,1387.0,37
2022-06-06,France,2073.0,-10
2022-06-06,Denmark,1983.0,15
2022-06-06,Croatia,1808.0,10
2022-06-06,South Korea,1805.0,10
2022-06-06,Japan,1803.0,-4
2022-06-06,Austria,1759.0,-15
2022-06-06,Brazil,2166.0,4
2022-06-06,Slovakia,1648.0,-37
2022-06-06,Albania,1586.0,4
2022-06-06,Iceland,1546.0,-4
2022-06-06,Belarus,1454.0,-10
2022-06-06,Equatorial Guinea,1439.0,16
2022-06-06,Honduras,1429.0,-29
2022-06-06,Chile,1757.0,-10
2022-06-14,Guyana,1183.0,-11
2022-06-14,Malaysia,1194.0,5
2022-06-14,India,1235.0,24
2022-06-14,Indonesia,1251.0,14
2022-06-14,US Virgin Islands,660.0,-8
2022-06-14,Turkmenistan,1252.0,-7
2022-06-14,Kyrgyzstan,1268.0,-4
2022-06-14,Lithuania,1260.0,-2
2022-06-14,Kuwait,1299.0,-23
2022-06-14,Tajikistan,1306.0,4
2022-06-14,French Guiana,1329.0,5
2022-06-14,Hong Kong,1153.0,-24
2022-06-14,Latvia,1390.0,12
2022-06-14,Faroe Islands,1260.0,13
2022-06-14,Singapore,1126.0,22
2022-06-14,Myanmar,930.0,-22
2022-06-14,Philippines,1097.0,-11
2022-06-14,Thailand,1394.0,-12
2022-06-14,Turks and Caicos Islands,728.0,31
2022-06-14,Sri Lanka,677.0,-9
2022-06-14,Sint Maarten,776.0,-31
2022-06-14,Mongolia,805.0,51
2022-06-14,Bangladesh,843.0,-5
2022-06-14,Yemen,1100.0,-51
2022-06-14,Cambodia,863.0,13
2022-06-14,Nepal,922.0,-14
2022-06-14,Bonaire,996.0,8
2022-06-14,Liechtenstein,1026.0,-12
2022-06-14,Belize,1076.0,-5
2022-06-14,Andorra,1077.0,-9
2022-06-14,Afghanistan,1097.0,-13
2022-06-14,Maldives,917.0,9
2022-06-14,Luxembourg,1412.0,-13
2022-06-14,Montenegro,1590.0,52
2022-06-14,Armenia,1478.0,-28
2022-06-14,Palestine,1432.0,11
2022-06-14,Belgium,2033.0,14
2022-06-14,Netherlands,2003.0,7
2022-06-14,Germany,1988.0,26
2022-06-14,Italy,1949.0,-26
2022-06-14,England,1937.0,-66
2022-06-14,Ukraine,1848.0,-9
2022-06-14,Hungary,1823.0,66
2022-06-14,Mexico,1823.0,-10
2022-06-14,Wales,1822.0,-7
2022-06-14,United States,1818.0,-12
2022-06-14,South Korea,1806.0,6
2022-06-14,Poland,1803.0,-14
2022-06-14,Japan,1766.0,-43
2022-06-14,Costa Rica,1726.0,11
2022-06-14,Turkey,1745.0,2
2022-06-14,Scotland,1706.0,28
2022-06-14,El Salvador,1501.0,12
2022-06-14,Bahrain,1524.0,7
2022-06-14,Ghana,1535.0,8
2022-06-14,Haiti,1536.0,11
2022-06-14,New Zealand,1544.0,-11
2022-06-14,Jamaica,1547.0,10
2022-06-14,Chile,1718.0,-8
2022-06-14,Uzbekistan,1555.0,12
2022-06-14,Romania,1574.0,-52
2022-06-14,Bosnia and Herzegovina,1635.0,18
2022-06-14,Egypt,1636.0,-6
2022-06-14,Finland,1663.0,-18
2022-06-14,Tunisia,1684.0,43
2022-06-14,Ireland,1689.0,9
2022-06-14,Jordan,1574.0,23
2022-07-10,Seychelles,891.0,-5
2022-07-10,Lesotho,1219.0,-27
2022-07-10,Mauritius,940.0,-7
2022-07-10,Comoros,1251.0,5
2022-07-10,Angola,1389.0,-25
2022-07-10,Eswatini,1306.0,27
2022-07-10,Botswana,1352.0,25
2022-07-10,Malawi,1293.0,7
2022-09-23,Romania,1584.0,10
2022-09-23,Jordan,1584.0,10
2022-09-23,Montenegro,1578.0,-12
2022-09-23,Uzbekistan,1573.0,18
2022-09-23,Iraq,1564.0,0
2022-09-23,Oman,1558.0,0
2022-09-23,Ghana,1534.0,-1
2022-09-23,Bahrain,1510.0,-14
2022-09-23,United Arab Emirates,1498.0,-4
2022-09-23,Cape Verde,1480.0,14
2022-09-23,Bulgaria,1476.0,4
2022-09-23,Zambia,1464.0,-4
2022-09-23,Honduras,1461.0,-1
2022-09-23,Democratic Republic of Congo,1442.0,-6
2022-09-23,Equatorial Guinea,1434.0,-5
2022-09-23,Estonia,1417.0,7
2022-09-23,Guinea,1387.0,-2
2022-09-23,Ethiopia,1352.0,-4
2022-09-23,Sudan,1304.0,4
2022-09-23,Rwanda,1271.0,5
2022-09-23,Niger,1252.0,-3
2022-09-23,Malta,1238.0,-7
2022-09-23,Gibraltar,1054.0,-4
2022-09-23,Burkina Faso,1586.0,6
2022-09-23,Syria,1450.0,-10
2022-09-23,North Macedonia,1595.0,-19
2022-09-23,Uruguay,1926.0,-14
2022-09-23,Mali,1618.0,4
2022-09-23,Brazil,2167.0,1
2022-09-23,Italy,1963.0,14
2022-09-23,Germany,1955.0,-33
2022-09-23,Cameroon,1613.0,-18
2022-09-23,England,1923.0,-14
2022-09-23,Hungary,1856.0,33
2022-09-23,Ecuador,1841.0,-6
2022-09-23,Iran,1823.0,14
2022-09-23,United States,1801.0,-17
2022-09-23,Japan,1799.0,17
2022-09-23,South Korea,1780.0,-4
2022-09-23,Argentina,2140.0,1
2022-09-23,Morocco,1751.0,14
2022-09-23,Canada,1778.0,10
2022-09-23,Egypt,1639.0,3
2022-09-23,Bosnia and Herzegovina,1647.0,12
2022-09-23,Qatar,1648.0,-10
2022-09-23,Finland,1653.0,-10
2022-09-23,Saudi Arabia,1628.0,6
2022-09-23,Chile,1704.0,-14
2022-09-23,Algeria,1714.0,2
2022-09-23,Costa Rica,1730.0,4
2022-09-23,Paraguay,1740.0,4
2022-09-23,Georgia,1662.0,19
2022-10-13,Qatar,1652.0,2
2022-10-13,Nicaragua,1251.0,-2
2022-11-16,Bulgaria,1520.0,13
2022-11-16,Kazakhstan,1396.0,-5
2022-11-16,Kosovo,1514.0,-4
2022-11-16,United Arab Emirates,1486.0,-2
2022-11-16,El Salvador,1483.0,-14
2022-11-16,Armenia,1459.0,4
2022-11-16,Estonia,1421.0,1
2022-11-16,Azerbaijan,1399.0,9
2022-11-16,Latvia,1348.0,-1
2022-11-16,Gibraltar,1060.0,8
2022-11-16,Faroe Islands,1301.0,-1
2022-11-16,Nicaragua,1265.0,14
2022-11-16,Lithuania,1255.0,8
2022-11-16,Burundi,1252.0,-3
2022-11-16,Andorra,1118.0,-1
2022-11-16,Liechtenstein,977.0,-8
2022-11-16,Nepal,936.0,6
2022-11-16,Pakistan,872.0,-6
2022-11-16,Albania,1535.0,-3
2022-11-16,Cyprus,1337.0,-13
2022-11-16,Oman,1545.0,-3
2022-11-16,Iceland,1546.0,-8
2022-11-16,Uzbekistan,1572.0,5
2022-11-16,Argentina,2143.0,2
2022-11-16,Italy,1995.0,3
2022-11-16,Germany,1962.0,3
2022-11-16,Croatia,1926.0,5
2022-11-16,Poland,1813.0,5
2022-11-16,Mexico,1809.0,-12
2022-11-16,Iran,1798.0,-21
2022-11-16,Czechia,1788.0,1
2022-11-16,Scotland,1752.0,-9
2022-11-16,Peru,1848.0,5
2022-11-16,Paraguay,1735.0,-5
2022-11-16,Austria,1729.0,1
2022-11-16,Algeria,1714.0,-5
2022-11-16,Tunisia,1705.0,21
2022-11-16,Turkey,1701.0,9
2022-11-16,Chile,1697.0,-5
2022-11-16,Ivory Coast,1680.0,3
2022-11-16,Saudi Arabia,1636.0,-5
2022-11-16,Mali,1617.0,5
2022-11-16,Sweden,1747.0,12
2023-03-23,Antigua and Barbuda,1191.0,28
2023-03-23,Solomon Islands,1225.0,19
2023-03-23,Lesotho,1229.0,-8
2023-03-23,Niger,1239.0,-2
2023-03-23,Turkmenistan,1245.0,-7
2023-03-23,Sudan,1296.0,-6
2023-03-23,Madagascar,1251.0,-48
2023-03-23,Malta,1256.0,-4
2023-03-23,Congo,1263.0,-34
2023-03-23,Central African Republic,1309.0,48
2023-03-23,Dominican Republic,1188.0,13
2023-03-23,Malaysia,1249.0,7
2023-03-23,Guadeloupe,1186.0,-28
2023-03-23,Liechtenstein,977.0,0
2023-03-23,New Caledonia,1180.0,-9
2023-03-23,Tahiti,1147.0,9
2023-03-23,Hong Kong,1138.0,-3
2023-03-23,South Sudan,1136.0,34
2023-03-23,Singapore,1133.0,3
2023-03-23,Vanuatu,1129.0,-19
2023-03-23,Puerto Rico,1093.0,6
2023-03-23,Barbados,1013.0,-9
2023-03-23,Suriname,1315.0,-6
2023-03-23,Saint Martin,831.0,-8
2023-03-23,San Marino,782.0,-1
2023-03-23,British Virgin Islands,607.0,-6
2023-03-23,Saint Kitts and Nevis,1184.0,8
2023-03-23,French Guiana,1322.0,-13
2023-03-23,Ghana,1599.0,6
2023-03-23,Kazakhstan,1380.0,-11
2023-03-23,Cuba,1335.0,9
2023-03-23,Argentina,2145.0,1
2023-03-23,Portugal,1998.0,0
2023-03-23,England,1992.0,26
2023-03-23,Denmark,1890.0,8
2023-03-23,Hungary,1825.0,1
2023-03-23,Mexico,1819.0,6
2023-03-23,Iran,1776.0,-4
2023-03-23,Russia,1757.0,4
2023-03-23,Algeria,1706.0,2
2023-03-23,Slovenia,1677.0,11
2023-03-23,Finland,1653.0,-8
2023-03-23,Panama,1639.0,-1
2023-03-23,Italy,1947.0,-26
2023-03-23,Luxembourg,1454.0,12
2023-03-23,Slovakia,1567.0,-12
2023-03-23,Northern Ireland,1541.0,1
2023-03-23,North Macedonia,1537.0,4
2023-03-23,New Zealand,1524.0,-4
2023-03-23,Iceland,1517.0,-18
2023-03-23,Gabon,1494.0,6
2023-03-23,China,1475.0,4
2023-03-23,Zambia,1473.0,8
2023-03-23,Angola,1398.0,-6
2023-03-23,Estonia,1447.0,-1
2023-03-23,Bosnia and Herzegovina,1634.0,18
2023-03-28,Curaçao,1351.0,0
2023-03-28,Latvia,1348.0,-2
2023-03-28,Libya,1338.0,-6
2023-03-28,Gambia,1443.0,31
2023-03-28,Tajikistan,1326.0,-7
2023-03-28,Togo,1319.0,10
2023-03-28,Tanzania,1313.0,-24
2023-03-28,Mozambique,1311.0,-5
2023-03-28,Botswana,1326.0,-20
2023-03-28,Kuwait,1353.0,7
2023-03-28,Uganda,1391.0,24
2023-03-28,Kenya,1371.0,-1
2023-03-28,Mauritania,1372.0,0
2023-03-28,Thailand,1379.0,-9
2023-03-28,Belarus,1404.0,-6
2023-03-28,Namibia,1414.0,33
2023-03-28,Syria,1423.0,-5
2023-03-28,Armenia,1435.0,-5
2023-03-28,Liberia,1308.0,-14
2023-03-28,Cyprus,1356.0,5
2023-03-28,Eswatini,1298.0,-12
2023-03-28,Montserrat,972.0,13
2023-03-28,Malaysia,1256.0,7
2023-03-28,United Arab Emirates,1455.0,9
2023-03-28,Bhutan,567.0,13
2023-03-28,US Virgin Islands,633.0,-16
2023-03-28,Turks and Caicos Islands,781.0,33
2023-03-28,Sint Maarten,837.0,16
2023-03-28,Bangladesh,851.0,-13
2023-03-28,Bonaire,876.0,-33
2023-03-28,Seychelles,887.0,13
2023-03-28,Nepal,928.0,-13
2023-03-28,Philippines,1046.0,-2
2023-03-28,Andorra,1122.0,18
2023-03-28,Hong Kong,1131.0,-7
2023-03-28,Bermuda,1158.0,-6
2023-03-28,Guyana,1210.0,-13
2023-03-28,Comoros,1235.0,-8
2023-03-28,Kyrgyzstan,1236.0,-18
2023-03-28,India,1240.0,18
2023-03-28,Burundi,1246.0,4
2023-03-28,Malawi,1252.0,-11
2023-03-28,Indonesia,1285.0,-4
2023-03-28,Equatorial Guinea,1467.0,20
2023-03-28,Ecuador,1840.0,12
2023-03-28,Honduras,1472.0,-9
2023-03-28,Norway,1744.0,0
2023-03-28,Senegal,1754.0,5
2023-03-28,Tunisia,1755.0,6
2023-03-28,Australia,1776.0,-12
2023-03-28,Iran,1777.0,1
2023-03-28,South Korea,1780.0,-10
2023-03-28,Scotland,1798.0,42
2023-03-28,Japan,1839.0,-11
2023-03-28,Democratic Republic of Congo,1472.0,0
2023-03-28,Peru,1845.0,1
2023-03-28,Switzerland,1890.0,7
2023-03-28,Uruguay,1915.0,10
2023-03-28,Colombia,1929.0,11
2023-03-28,Germany,1950.0,-12
2023-03-28,Croatia,1956.0,21
2023-03-28,Spain,1963.0,-42
2023-03-28,Belgium,1987.0,12
2023-03-28,Argentina,2145.0,0
2023-03-28,Morocco,1879.0,-1
2023-03-28,Canada,1732.0,9
2023-03-28,Wales,1733.0,2
2023-03-28,Turkey,1701.0,-21
2023-03-28,Cape Verde,1479.0,12
2023-03-28,Kosovo,1500.0,-18
2023-03-28,Bahrain,1502.0,5
2023-03-28,South Africa,1539.0,14
2023-03-28,Haiti,1547.0,6
2023-03-28,Saudi Arabia,1574.0,-12
2023-03-28,Uzbekistan,1588.0,3
2023-03-28,Jordan,1592.0,2
2023-03-28,Costa Rica,1714.0,-31
2023-03-28,Burkina Faso,1598.0,-10
2023-03-28,Mali,1595.0,-31
2023-03-28,Israel,1601.0,-7
2023-03-28,Bolivia,1617.0,12
2023-03-28,Romania,1621.0,6
2023-03-28,Cameroon,1625.0,-33
2023-03-28,Georgia,1651.0,0
2023-03-28,Panama,1670.0,31
2023-03-28,Egypt,1675.0,11
2023-03-28,Ivory Coast,1678.0,8
2023-03-28,Venezuela,1691.0,-3
2023-06-11,Mauritius,963.0,14
2023-06-11,Turkmenistan,1250.0,5
2023-06-11,Tajikistan,1321.0,-5
2023-06-11,Pakistan,852.0,-14
2023-06-11,Cuba,1341.0,-2
2023-06-11,Central African Republic,1336.0,2
2023-06-11,Uganda,1389.0,-2
2023-06-11,Guatemala,1461.0,-13
2023-06-11,Oman,1575.0,-27
2023-06-11,Uzbekistan,1615.0,27
2023-06-11,Chile,1706.0,2
2023-06-11,Trinidad and Tobago,1373.0,13
2023-07-09,Seychelles,874.0,-5
2023-07-09,Comoros,1253.0,-9
2023-07-09,Zambia,1484.0,9
2023-07-09,Malawi,1296.0,5
2023-07-09,Jamaica,1604.0,20
2023-07-09,Canada,1724.0,14
2023-07-09,United States,1819.0,-14
2023-07-09,Guatemala,1496.0,-20
2023-07-30,Madagascar,1254.0,15
2023-07-30,Mayotte,1209.0,-15
2023-10-12,Singapore,1132.0,2
2023-10-12,Grenada,1107.0,-8
2023-10-12,Andorra,1115.0,-14
2023-10-12,Hong Kong,1122.0,2
2023-10-12,Yemen,1099.0,6
2023-10-12,Saint Kitts and Nevis,1131.0,6
2023-10-12,Saint Lucia,1136.0,26
2023-10-12,Lebanon,1311.0,-3
2023-10-12,Kyrgyzstan,1251.0,-4
2023-10-12,Suriname,1291.0,7
2023-10-12,Indonesia,1297.0,1
2023-10-12,Guadeloupe,1299.0,-26
2023-10-12,Cuba,1305.0,10
2023-10-12,Afghanistan,1082.0,7
2023-10-12,Cyprus,1323.0,-11
2023-10-12,Faroe Islands,1248.0,-6
2023-10-12,Dominica,981.0,-15
2023-10-12,Sint Maarten,810.0,-6
2023-10-12,Taiwan,927.0,7
2023-10-12,Latvia,1356.0,38
2023-10-12,Bhutan,566.0,-2
2023-10-12,Anguilla,578.0,-6
2023-10-12,Brunei,601.0,-1
2023-10-12,East Timor,619.0,-7
2023-10-12,Macao,657.0,-9
2023-10-12,British Virgin Islands,658.0,15
2023-10-12,Myanmar,928.0,9
2023-10-12,Sri Lanka,671.0,-6
2023-10-12,Guam,705.0,-2
2023-10-12,Mongolia,805.0,-7
2023-10-12,Pakistan,819.0,9
2023-10-12,Bonaire,861.0,6
2023-10-12,Maldives,896.0,-5
2023-10-12,Nepal,912.0,-16
2023-10-12,Bangladesh,912.0,5
2023-10-12,Laos,680.0,16
2023-10-12,Thailand,1384.0,-6
2023-10-12,Cambodia,867.0,-9
2023-10-12,Belarus,1416.0,12
2023-10-12,Poland,1729.0,6
2023-10-12,Chile,1739.0,32
2023-10-12,Kuwait,1385.0,-5
2023-10-12,Turkey,1742.0,37
2023-10-12,Czechia,1748.0,-43
2023-10-12,Norway,1755.0,11
2023-10-12,Russia,1763.0,4
2023-10-12,Peru,1798.0,-32
2023-10-12,Scotland,1817.0,-10
2023-10-12,Uruguay,1914.0,8
2023-10-12,Colombia,1939.0,-8
2023-10-12,Croatia,1978.0,-37
2023-10-12,Spain,2017.0,10
2023-10-12,Brazil,2090.0,-18
2023-10-12,Argentina,2159.0,2
2023-10-12,Venezuela,1728.0,18
2023-10-12,Sweden,1722.0,2
2023-10-12,Ecuador,1879.0,11
2023-10-12,Paraguay,1703.0,-2
2023-10-12,Algeria,1712.0,5
2023-10-12,Armenia,1470.0,-38
2023-10-12,Honduras,1477.0,-10
2023-10-12,Bahrain,1480.0,4
2023-10-12,Cape Verde,1490.0,-5
2023-10-12,Kosovo,1491.0,14
2023-10-12,Zambia,1504.0,-6
2023-10-12,Haiti,1513.0,-7
2023-10-12,United Arab Emirates,1486.0,5
2023-10-12,Bolivia,1584.0,-11
2023-10-12,Jamaica,1591.0,8
2023-10-12,Georgia,1629.0,6
2023-10-12,Romania,1629.0,-12
2023-10-12,Cameroon,1631.0,-4
2023-10-12,Albania,1657.0,43
2023-10-12,Montenegro,1553.0,3
2023-10-12,Egypt,1676.0,6
2023-11-17,Malta,1250.0,0
2023-11-17,French Guiana,1257.0,-26
2023-11-17,Congo,1266.0,-7
2023-11-17,Eswatini,1269.0,-17
2023-11-17,Solomon Islands,1302.0,1
2023-11-17,Madagascar,1288.0,-4
2023-11-17,Nicaragua,1344.0,14
2023-11-17,Comoros,1241.0,30
2023-11-17,Libya,1347.0,17
2023-11-17,Liberia,1270.0,-24
2023-11-17,Dominican Republic,1193.0,-28
2023-11-17,Seychelles,859.0,-1
2023-11-17,Bermuda,1175.0,14
2023-11-17,Belize,1098.0,26
2023-11-17,Sao Tome and Principe,1062.0,-1
2023-11-17,Saint Vincent and the Grenadines,1037.0,-14
2023-11-17,Mauritius,1029.0,-1
2023-11-17,Montserrat,1003.0,28
2023-11-17,Barbados,955.0,-14
2023-11-17,San Marino,777.0,-1
2023-11-17,Samoa,677.0,-1
2023-11-17,Malawi,1354.0,24
2023-11-17,Chad,1178.0,-2
2023-11-17,Uganda,1362.0,-17
2023-11-17,Central African Republic,1286.0,-30
2023-11-17,Northern Ireland,1437.0,-13
2023-11-17,Denmark,1877.0,7
2023-11-17,Mexico,1792.0,-48
2023-11-17,Czechia,1753.0,4
2023-11-17,Tunisia,1731.0,1
2023-11-17,Greece,1714.0,5
2023-11-17,Poland,1707.0,-4
2023-11-17,Slovenia,1705.0,-7
2023-11-17,Albania,1649.0,-12
2023-11-17,Finland,1641.0,13
2023-11-17,Mali,1631.0,2
2023-11-17,Ivory Coast,1629.0,1
2023-11-17,Cameroon,1625.0,1
2023-11-17,Ghana,1580.0,4
2023-11-17,North Macedonia,1551.0,-4
2023-11-17,Burkina Faso,1549.0,-8
2023-11-17,Honduras,1538.0,48
2023-11-17,Guinea-Bissau,1411.0,8
2023-11-17,Zambia,1523.0,7
2023-11-17,New Zealand,1522.0,-5
2023-11-17,Kazakhstan,1486.0,1
2023-11-17,Guinea,1444.0,17
2023-11-17,Italy,1943.0,4
2023-11-17,England,2030.0,0
2023-12-30,Kyrgyzstan,1251.0,-2
2023-12-30,United Arab Emirates,1531.0,2
2024-01-25,Kyrgyzstan,1253.0,17
2024-01-25,South Korea,1773.0,-23
2024-01-25,Saudi Arabia,1605.0,-13
2024-01-25,Jordan,1519.0,-33
2024-01-25,Oman,1518.0,-17
2024-01-25,Bahrain,1466.0,33
2024-01-25,Thailand,1431.0,13
2024-01-25,Malaysia,1291.0,23
2024-03-21,Indonesia,1297.0,18
2024-03-21,Solomon Islands,1288.0,-23
2024-03-21,Guyana,1268.0,-5
2024-03-21,Malaysia,1285.0,-8
2024-03-21,Lebanon,1284.0,-2
2024-03-21,Vietnam,1318.0,-18
2024-03-21,Ethiopia,1285.0,-14
2024-03-21,Cyprus,1320.0,-2
2024-03-21,North Korea,1370.0,-1
2024-03-21,Kuwait,1340.0,-7
2024-03-21,Latvia,1349.0,2
2024-03-21,Estonia,1357.0,-5
2024-03-21,Tajikistan,1380.0,-5
2024-03-21,Thailand,1437.0,17
2024-03-21,China,1400.0,-10
2024-03-21,Palestine,1417.0,5
2024-03-21,Lithuania,1326.0,7
2024-03-21,Kyrgyzstan,1266.0,13
2024-03-21,Myanmar,926.0,17
2024-03-21,Lesotho,1252.0,14
2024-03-21,Syria,1444.0,-17
2024-03-21,Nepal,894.0,-2
2024-03-21,Taiwan,912.0,-13
2024-03-21,Bangladesh,939.0,-5
2024-03-21,Gibraltar,1051.0,-7
2024-03-21,Philippines,1052.0,-1
2024-03-21,Belize,1057.0,0
2024-03-21,Hong Kong,1060.0,-3
2024-03-21,Vanuatu,1074.0,-6
2024-03-21,Afghanistan,1085.0,9
2024-03-21,Yemen,1101.0,-2
2024-03-21,Andorra,1115.0,13
2024-03-21,Singapore,1127.0,10
2024-03-21,Puerto Rico,1146.0,0
2024-03-21,Pakistan,828.0,-1
2024-03-21,Fiji,1221.0,23
2024-03-21,India,1228.0,-9
2024-03-21,Malta,1258.0,8
2024-03-21,Belarus,1457.0,-12
2024-03-21,Turkmenistan,1216.0,-1
2024-03-21,Guinea,1468.0,6
2024-03-21,Poland,1714.0,5
2024-03-21,Wales,1715.0,20
2024-03-21,Slovenia,1716.0,-8
2024-03-21,Panama,1733.0,-32
2024-03-21,Greece,1738.0,10
2024-03-21,Venezuela,1750.0,-5
2024-03-21,Australia,1767.0,2
2024-03-21,United States,1772.0,12
2024-03-21,Russia,1773.0,16
2024-03-21,Serbia,1786.0,-16
2024-03-21,Iran,1816.0,1
2024-03-21,Mexico,1826.0,32
2024-03-21,Japan,1852.0,1
2024-03-21,Ukraine,1857.0,7
2024-03-21,Ecuador,1886.0,3
2024-03-21,Portugal,2035.0,3
2024-03-21,Bahrain,1461.0,2
2024-03-21,South Korea,1713.0,-17
2024-03-21,Sweden,1691.0,-3
2024-03-21,Italy,1942.0,5
2024-03-21,Georgia,1650.0,13
2024-03-21,Uzbekistan,1667.0,3
2024-03-21,Bosnia and Herzegovina,1477.0,-7
2024-03-21,Kazakhstan,1477.0,-10
2024-03-21,Guatemala,1481.0,-3
2024-03-21,United Arab Emirates,1504.0,2
2024-03-21,Luxembourg,1507.0,-13
2024-03-21,Oman,1526.0,8
2024-03-21,Israel,1557.0,-45
2024-03-21,Iceland,1550.0,45
2024-03-21,South Africa,1563.0,-13
2024-03-21,Cape Verde,1564.0,5
2024-03-21,Jordan,1599.0,1
2024-03-21,Jamaica,1610.0,-12
2024-03-21,Saudi Arabia,1621.0,5
2024-03-21,Finland,1621.0,-20
2024-03-21,Qatar,1638.0,7
2024-03-21,Iraq,1640.0,1
2024-03-21,Montenegro,1561.0,12
2024-06-15,Albania,1616.0,-7
2024-06-15,Vanuatu,1081.0,35
2024-06-15,Solomon Islands,1253.0,-35
2024-06-15,Hungary,1791.0,-40
2024-06-15,Bolivia,1590.0,-3
2024-06-15,Croatia,1931.0,-37
2024-06-15,Italy,1956.0,7
2024-06-15,Colombia,2014.0,3
2024-06-15,Spain,2057.0,37
2024-06-15,Switzerland,1844.0,40
2024-09-09,Comoros,1340.0,-1
2024-09-09,Suriname,1338.0,-16
2024-09-09,Guadeloupe,1336.0,16
2024-09-09,Curaçao,1328.0,7
2024-09-09,Madagascar,1325.0,1
2024-09-09,Lithuania,1323.0,-4
2024-09-09,Burundi,1311.0,-3
2024-09-09,Cyprus,1309.0,-34
2024-09-09,Ethiopia,1297.0,-11
2024-09-09,Congo,1261.0,-14
2024-09-09,Guyana,1251.0,13
2024-09-09,India,1170.0,-16
2024-09-09,Lesotho,1203.0,-1
2024-09-09,Togo,1368.0,13
2024-09-09,Saint Lucia,1140.0,24
2024-09-09,Grenada,1070.0,-24
2024-09-09,Aruba,943.0,-7
2024-09-09,Saint Martin,916.0,-7
2024-09-09,Sint Maarten,893.0,-2
2024-09-09,Samoa,739.0,6
2024-09-09,Cook Islands,622.0,-16
2024-09-09,Tonga,520.0,-6
2024-09-09,Eastern Samoa,389.0,16
2024-09-09,Niger,1239.0,14
2024-09-09,Sudan,1383.0,-6
2024-09-09,Puerto Rico,1141.0,7
2024-09-09,Martinique,1405.0,-13
2024-09-09,Uganda,1389.0,14
2024-09-09,France,2014.0,17
2024-09-09,Italy,1943.0,4
2024-09-09,Belgium,1923.0,-17
2024-09-09,Turkey,1811.0,8
2024-09-09,Morocco,1779.0,1
2024-09-09,Slovenia,1777.0,6
2024-09-09,Senegal,1753.0,3
2024-09-09,Norway,1747.0,23
2024-09-09,Romania,1713.0,4
2024-09-09,Wales,1701.0,17
2024-09-09,Costa Rica,1661.0,-4
2024-09-09,Austria,1853.0,-23
2024-09-09,Democratic Republic of Congo,1576.0,11
2024-09-09,Angola,1581.0,6
2024-09-09,Kazakhstan,1457.0,-6
2024-09-09,Guatemala,1503.0,4
2024-09-09,Kosovo,1512.0,34
2024-09-09,Ghana,1499.0,-14
2024-09-09,Haiti,1517.0,2
2024-09-09,Equatorial Guinea,1522.0,-13
2024-09-09,Israel,1556.0,-4
2024-09-09,Iceland,1574.0,-8
2024-09-09,Montenegro,1516.0,-17
2024-09-09,Syria,1441.0,16
2024-10-12,Cyprus,1299.0,-10
2024-10-12,Vanuatu,1097.0,5
2024-10-12,Ethiopia,1276.0,-21
2024-10-12,Dominican Republic,1251.0,13
2024-10-12,Vietnam,1250.0,-5
2024-10-12,India,1175.0,5
2024-10-12,Bermuda,1145.0,18
2024-10-12,Turks and Caicos Islands,652.0,21
2024-10-12,Cayman Islands,821.0,11
2024-10-12,Bahamas,806.0,15
2024-10-12,Samoa,734.0,-5
2024-10-12,British Virgin Islands,626.0,-11
2024-10-12,Anguilla,622.0,-21
2024-10-12,US Virgin Islands,586.0,-15
2024-10-12,Lithuania,1308.0,-15
2024-10-12,Dominica,999.0,-18
2024-10-12,Central African Republic,1328.0,-3
2024-10-12,Antigua and Barbuda,933.0,-13
2024-10-12,Belarus,1467.0,3
2024-10-12,Guinea,1466.0,21
2024-10-12,Portugal,1994.0,19
2024-10-12,Croatia,1917.0,6
2024-10-12,Denmark,1858.0,-4
2024-10-12,Switzerland,1827.0,-28
2024-10-12,Serbia,1812.0,28
2024-10-12,Morocco,1782.0,3
2024-10-12,United States,1738.0,11
2024-10-12,Spain,2160.0,4
2024-10-12,Romania,1723.0,10
2024-10-12,Panama,1719.0,-11
2024-10-12,Scotland,1698.0,-6
2024-10-12,Kosovo,1527.0,15
2024-10-12,Northern Ireland,1518.0,-3
2024-10-12,Bulgaria,1493.0,-8
2024-10-12,Luxembourg,1470.0,8
2024-10-12,Poland,1728.0,-19
2024-12-09,Laos,672.0,-4
2024-12-09,Myanmar,904.0,-4
2024-12-09,Vanuatu,1056.0,-16
2024-12-09,Yemen,1092.0,6
2024-12-09,Solomon Islands,1195.0,16
2024-12-09,Kuwait,1345.0,-6
2024-12-09,Indonesia,1397.0,4
2024-12-09,Vietnam,1254.0,4
2025-03-19,Macao,598.0,-1
2025-03-19,Cambodia,850.0,-1
2025-03-19,Maldives,886.0,-3
2025-03-19,Grenada,1072.0,0
2025-03-19,Hong Kong,1138.0,1
2025-03-19,India,1178.0,3
2025-03-19,Eswatini,1233.0,16
2025-03-19,Central African Republic,1250.0,-35
2025-03-19,Madagascar,1323.0,35
2025-03-19,Curaçao,1324.0,-12
2025-03-19,Vietnam,1358.0,1
2025-03-19,Kazakhstan,1425.0,12
2025-03-19,Cameroon,1578.0,-16
2025-03-19,Tunisia,1606.0,8
2025-03-19,Russia,1789.0,0
2025-03-19,Liberia,1256.0,-8
2025-06-07,Zimbabwe,1360.0,-10
2025-06-07,Azerbaijan,1369.0,1
2025-06-07,Kenya,1372.0,-6
2025-06-07,El Salvador,1394.0,1
2025-06-07,Tanzania,1383.0,-26
2025-06-07,Madagascar,1325.0,26
2025-06-07,Mozambique,1478.0,-17
2025-06-07,Bosnia and Herzegovina,1525.0,0
2025-06-07,Anguilla,617.0,-1
2025-06-07,Lithuania,1294.0,4
2025-06-07,Mauritius,1075.0,17
2025-06-07,Malta,1252.0,-4
2025-06-07,Chad,1154.0,6
2025-06-07,Andorra,1066.0,0
2025-06-07,Belize,1056.0,-2
2025-06-07,Aruba,917.0,-4
2025-06-07,San Marino,845.0,0
2025-06-07,Cayman Islands,820.0,-1
2025-06-07,Bahamas,782.0,-1
2025-06-07,British Virgin Islands,627.0,0
2025-06-07,Finland,1532.0,-8
2025-06-07,Latvia,1289.0,-1
2025-06-07,Northern Ireland,1554.0,-2
2025-06-07,Albania,1639.0,6
2025-06-07,Honduras,1561.0,1
2025-06-07,Haiti,1558.0,4
2025-06-07,England,2011.0,0
2025-06-07,Netherlands,1974.0,8
2025-06-07,Denmark,1863.0,2
2025-06-07,Austria,1845.0,8
2025-06-07,Serbia,1838.0,-6
2025-06-07,Greece,1836.0,7
2025-06-07,Switzerland,1827.0,15
2025-06-07,Mexico,1802.0,-15
2025-06-07,Canada,1796.0,18
2025-06-07,Turkey,1847.0,10
2025-06-07,Panama,1725.0,2
2025-06-07,United States,1713.0,-10
2025-06-07,Romania,1677.0,-8
2025-06-07,Slovakia,1677.0,-7
2025-06-07,Costa Rica,1653.0,1
2025-06-07,New Zealand,1611.0,15
2025-06-07,Ivory Coast,1576.0,-15
2025-06-07,South Africa,1570.0,10
2025-06-07,Jamaica,1569.0,0
2025-06-07,Ukraine,1791.0,-18
2025-06-10,Vietnam,1321.0,-38
2025-06-10,Latvia,1301.0,12
2025-06-10,Cyprus,1299.0,-4
2025-06-10,Lithuania,1293.0,-1
2025-06-10,Kuwait,1293.0,-3
2025-06-10,Malaysia,1292.0,38
2025-06-10,Malawi,1256.0,-7
2025-06-10,Dominican Republic,1289.0,7
2025-06-10,Tajikistan,1288.0,-3
2025-06-10,Guyana,1263.0,7
2025-06-10,Turkmenistan,1252.0,36
2025-06-10,Nicaragua,1325.0,-4
2025-06-10,Burundi,1291.0,1
2025-06-10,Lebanon,1327.0,-12
2025-06-10,Curaçao,1390.0,59
2025-06-10,Mauritania,1331.0,-1
2025-06-10,Niger,1337.0,1
2025-06-10,Thailand,1351.0,-36
2025-06-10,Indonesia,1357.0,-3
2025-06-10,Azerbaijan,1365.0,-4
2025-06-10,North Korea,1376.0,-3
2025-06-10,Kenya,1376.0,4
2025-06-10,Namibia,1380.0,24
2025-06-10,El Salvador,1389.0,-5
2025-06-10,Malta,1251.0,-1
2025-06-10,Trinidad and Tobago,1395.0,-5
2025-06-10,Zimbabwe,1398.0,38
2025-06-10,China,1403.0,19
2025-06-10,Suriname,1411.0,5
2025-06-10,Kyrgyzstan,1331.0,7
2025-06-10,Cuba,1225.0,-31
2025-06-10,Mauritius,1094.0,19
2025-06-10,Bermuda,1169.0,31
2025-06-10,Bhutan,621.0,-13
2025-06-10,Brunei,670.0,13
2025-06-10,East Timor,691.0,31
2025-06-10,Laos,715.0,29
2025-06-10,Sri Lanka,778.0,36
2025-06-10,Pakistan,813.0,-9
2025-06-10,Maldives,841.0,-31
2025-06-10,San Marino,845.0,0
2025-06-10,Bangladesh,907.0,-18
2025-06-10,Antigua and Barbuda,909.0,-1
2025-06-10,Nepal,924.0,-29
2025-06-10,Barbados,938.0,-10
2025-06-10,Myanmar,950.0,9
2025-06-10,Dominica,970.0,-7
2025-06-10,Montserrat,971.0,-7
2025-06-10,Saint Kitts and Nevis,1025.0,-24
2025-06-10,Saint Lucia,1038.0,10
2025-06-10,Afghanistan,1055.0,-4
2025-06-10,Andorra,1066.0,0
2025-06-10,Singapore,1082.0,18
2025-06-10,Mozambique,1432.0,-46
2025-06-10,Grenada,1106.0,24
2025-06-10,Yemen,1120.0,12
2025-06-10,Philippines,1133.0,3
2025-06-10,Puerto Rico,1134.0,16
2025-06-10,Saint Vincent and the Grenadines,1140.0,-16
2025-06-10,India,1142.0,-16
2025-06-10,Hong Kong,1148.0,16
2025-06-10,Chad,1150.0,-4
2025-06-10,Lesotho,1221.0,-24
2025-06-10,Syria,1444.0,4
2025-06-10,Taiwan,881.0,-36
2025-06-10,Bulgaria,1451.0,-2
2025-06-10,Uzbekistan,1708.0,13
2025-06-10,Panama,1729.0,4
2025-06-10,Peru,1744.0,4
2025-06-10,Venezuela,1745.0,-12
2025-06-10,Slovenia,1752.0,3
2025-06-10,Sweden,1760.0,6
2025-06-10,South Korea,1770.0,3
2025-06-10,Australia,1776.0,17
2025-06-10,Senegal,1784.0,27
2025-06-10,Canada,1785.0,-11
2025-06-10,Russia,1793.0,9
2025-06-10,Ukraine,1799.0,8
2025-06-10,Iran,1800.0,3
2025-06-10,Mexico,1813.0,11
2025-06-10,Paraguay,1825.0,-7
2025-06-10,Turkey,1836.0,-11
2025-06-10,Serbia,1838.0,0
2025-06-10,Greece,1838.0,2
2025-06-10,Austria,1845.0,0
2025-06-10,Japan,1857.0,3
2025-06-10,Denmark,1864.0,1
2025-06-10,Uruguay,1901.0,12
2025-06-10,Ecuador,1906.0,-4
2025-06-10,Colombia,1950.0,14
2025-06-10,Netherlands,1975.0,1
2025-06-10,England,1984.0,-27
2025-06-10,Brazil,2002.0,7
2025-06-10,Argentina,2132.0,-14
2025-06-10,Bahrain,1448.0,-19
2025-06-10,Algeria,1704.0,-6
2025-06-10,Hungary,1701.0,4
2025-06-10,Switzerland,1845.0,18
2025-06-10,Chile,1689.0,-28
2025-06-10,United States,1695.0,-18
2025-06-10,Luxembourg,1455.0,2
2025-06-10,Palestine,1461.0,3
2025-06-10,Guatemala,1481.0,-19
2025-06-10,Belarus,1492.0,-9
2025-06-10,Haiti,1499.0,-59
2025-06-10,Oman,1501.0,-3
2025-06-10,Qatar,1519.0,-13
2025-06-10,United Arab Emirates,1538.0,-7
2025-06-10,Angola,1543.0,7
2025-06-10,Iraq,1550.0,32
2025-06-10,Iceland,1550.0,-7
2025-06-10,Finland,1556.0,24
2025-06-10,South Africa,1558.0,-12
2025-06-10,Bosnia and Herzegovina,1522.0,-3
2025-06-10,Honduras,1562.0,1
2025-06-10,Poland,1682.0,-24
2025-06-10,Romania,1681.0,4
2025-06-10,Northern Ireland,1561.0,7
2025-06-10,Slovakia,1665.0,-12
2025-06-10,Bolivia,1663.0,28
2025-06-10,Costa Rica,1658.0,5
2025-06-10,Israel,1629.0,12
2025-06-10,Albania,1627.0,-12
2025-06-10,Ireland,1633.0,-2
2025-06-10,Jordan,1625.0,-32
2025-06-10,New Zealand,1603.0,-8
2025-06-10,Saudi Arabia,1591.0,-17
2025-06-10,Jamaica,1588.0,19
2025-06-10,Ivory Coast,1587.0,11
2025-09-09,Tanzania,1363.0,-28
2025-09-09,Zimbabwe,1355.0,-24
2025-09-09,Togo,1360.0,17
2025-09-09,Sierra Leone,1353.0,26
2025-09-09,Niger,1362.0,28
2025-09-09,Namibia,1363.0,10
2025-09-09,Estonia,1356.0,-8
2025-09-09,Azerbaijan,1367.0,15
2025-09-09,Benin,1445.0,17
2025-09-09,Trinidad and Tobago,1389.0,-11
2025-09-09,Curaçao,1408.0,5
2025-09-09,Armenia,1412.0,28
2025-09-09,Gambia,1443.0,19
2025-09-09,Gabon,1464.0,2
2025-09-09,Kenya,1341.0,3
2025-09-09,Haiti,1488.0,14
2025-09-09,Burkina Faso,1508.0,4
2025-09-09,Sudan,1374.0,-17
2025-09-09,Mauritania,1341.0,-15
2025-09-09,Sao Tome and Principe,1024.0,-10
2025-09-09,Nicaragua,1331.0,-7
2025-09-09,Bosnia and Herzegovina,1516.0,-9
2025-09-09,Sri Lanka,750.0,1
2025-09-09,San Marino,841.0,-1
2025-09-09,Seychelles,845.0,-3
2025-09-09,Maldives,869.0,-1
2025-09-09,Myanmar,956.0,6
2025-09-09,Singapore,1073.0,-6
2025-09-09,Andorra,1074.0,8
2025-09-09,Rwanda,1341.0,24
2025-09-09,Mauritius,1084.0,-2
2025-09-09,Bermuda,1151.0,-5
2025-09-09,Lesotho,1198.0,-17
2025-09-09,Ethiopia,1250.0,-26
2025-09-09,Malta,1260.0,1
2025-09-09,Burundi,1268.0,-19
2025-09-09,Dominican Republic,1287.0,-3
2025-09-09,Latvia,1295.0,-3
2025-09-09,Cyprus,1311.0,13
2025-09-09,South Sudan,1139.0,15
2025-09-09,South Africa,1527.0,-3
2025-09-09,Honduras,1585.0,7
2025-09-09,Iceland,1562.0,-1
2025-09-09,Australia,1791.0,12
2025-09-09,Canada,1797.0,11
2025-09-09,Senegal,1802.0,15
2025-09-09,Serbia,1806.0,-35
2025-09-09,Paraguay,1844.0,20
2025-09-09,Austria,1855.0,9
2025-09-09,Mexico,1859.0,-3
2025-09-09,Japan,1863.0,-19
2025-09-09,Norway,1870.0,2
2025-09-09,Ecuador,1934.0,27
2025-09-09,Brazil,1976.0,-32
2025-09-09,Colombia,1981.0,24
2025-09-09,England,2019.0,35
2025-09-09,Portugal,2041.0,8
2025-09-09,France,2067.0,1
2025-09-09,Argentina,2109.0,-27
2025-09-09,Cape Verde,1543.0,18
2025-09-09,South Korea,1774.0,3
2025-09-09,Ukraine,1773.0,-15
2025-09-09,Uruguay,1907.0,-7
2025-09-09,Venezuela,1717.0,-24
2025-09-09,Jamaica,1569.0,11
2025-09-09,Wales,1724.0,-11
2025-09-09,Angola,1571.0,2
2025-09-09,Democratic Republic of Congo,1577.0,-15
2025-09-09,Cameroon,1579.0,-18
2025-09-09,New Zealand,1588.0,-12
2025-09-09,Ivory Coast,1589.0,-2
2025-09-09,Ireland,1603.0,-28
2025-09-09,Albania,1631.0,3
2025-09-09,Nigeria,1584.0,3
2025-09-09,Romania,1650.0,-13
2025-09-09,Egypt,1665.0,-4
2025-09-09,Costa Rica,1666.0,-14
2025-09-09,Bolivia,1688.0,32
2025-09-09,Chile,1690.0,7
2025-09-09,Hungary,1695.0,-8
2025-09-09,Jordan,1634.0,3
2025-09-09,United States,1698.0,19
2025-09-09,Peru,1711.0,-20
2025-11-18,Malaysia,1314.0,2
2025-11-18,Thailand,1367.0,4
2025-11-18,Zambia,1364.0,-3
2025-11-18,Estonia,1359.0,18
2025-11-18,Lebanon,1351.0,2
2025-11-18,Nicaragua,1328.0,-15
2025-11-18,Martinique,1340.0,2
2025-11-18,El Salvador,1324.0,-4
2025-11-18,Faroe Islands,1380.0,11
2025-11-18,Kenya,1344.0,-3
2025-11-18,Trinidad and Tobago,1402.0,-17
2025-11-18,Bhutan,614.0,-4
2025-11-18,Kazakhstan,1410.0,-11
2025-11-18,Gambia,1424.0,-3
2025-11-18,Uganda,1433.0,-2
2025-11-18,Benin,1436.0,-13
2025-11-18,Suriname,1441.0,-18
2025-11-18,Syria,1449.0,4
2025-11-18,Bulgaria,1452.0,28
2025-11-18,Guinea,1485.0,-2
2025-11-18,Oman,1492.0,-16
2025-11-18,Kuwait,1310.0,3
2025-11-18,Niger,1403.0,2
2025-11-18,Cyprus,1302.0,-18
2025-11-18,San Marino,833.0,0
2025-11-18,Dominican Republic,1294.0,-2
2025-11-18,Belarus,1496.0,14
2025-11-18,Brunei,655.0,-2
2025-11-18,East Timor,682.0,-2
2025-11-18,Sri Lanka,780.0,-4
2025-11-18,Pakistan,828.0,-4
2025-11-18,Maldives,841.0,-15
2025-11-18,Taiwan,866.0,-4
2025-11-18,Antigua and Barbuda,895.0,-10
2025-11-18,Liechtenstein,900.0,0
2025-11-18,Nepal,917.0,-2
2025-11-18,Bangladesh,940.0,28
2025-11-18,Saint Kitts and Nevis,1005.0,-34
2025-11-18,Belize,1103.0,34
2025-11-18,Bermuda,1121.0,17
2025-11-18,India,1123.0,-28
2025-11-18,Singapore,1131.0,29
2025-11-18,Hong Kong,1136.0,-29
2025-11-18,Yemen,1137.0,4
2025-11-18,Philippines,1155.0,15
2025-11-18,Lesotho,1215.0,-9
2025-11-18,Turkmenistan,1217.0,4
2025-11-18,Malawi,1252.0,9
2025-11-18,Guyana,1275.0,10
2025-11-18,Tajikistan,1297.0,2
2025-11-18,Ghana,1509.0,-2
2025-11-18,Curaçao,1467.0,10
2025-11-18,Guatemala,1528.0,18
2025-11-18,Panama,1742.0,4
2025-11-18,United States,1747.0,24
2025-11-18,Iran,1754.0,-1
2025-11-18,Greece,1761.0,-14
2025-11-18,Australia,1774.0,-8
2025-11-18,South Korea,1784.0,2
2025-11-18,Scotland,1790.0,34
2025-11-18,Canada,1802.0,12
2025-11-18,Senegal,1803.0,3
2025-11-18,Austria,1818.0,-16
2025-11-18,Morocco,1828.0,2
2025-11-18,Mexico,1835.0,-11
2025-11-18,Belgium,1849.0,0
2025-11-18,Denmark,1864.0,-34
2025-11-18,Japan,1878.0,5
2025-11-18,Turkey,1880.0,17
2025-11-18,Uruguay,1890.0,-24
2025-11-18,Switzerland,1897.0,-5
2025-11-18,Ecuador,1933.0,4
2025-11-18,Brazil,1979.0,-8
2025-11-18,Colombia,1998.0,8
2025-11-18,Spain,2171.0,-17
2025-11-18,Jamaica,1527.0,-10
2025-11-18,Uzbekistan,1735.0,1
2025-11-18,Chile,1731.0,10
2025-11-18,Paraguay,1833.0,11
2025-11-18,Wales,1715.0,22
2025-11-18,United Arab Emirates,1533.0,-12
2025-11-18,Algeria,1718.0,15
2025-11-18,Haiti,1542.0,15
2025-11-18,Burkina Faso,1547.0,13
2025-11-18,Angola,1566.0,3
2025-11-18,Honduras,1567.0,10
2025-11-18,Bosnia and Herzegovina,1571.0,16
2025-11-18,New Zealand,1586.0,-4
2025-11-18,North Macedonia,1592.0,-22
2025-11-18,Iraq,1596.0,12
2025-11-18,Ivory Coast,1607.0,16
2025-11-18,Jordan,1610.0,0
2025-11-18,Saudi Arabia,1579.0,-15
2025-11-18,Mali,1612.0,0
2025-11-18,Costa Rica,1633.0,-10
2025-11-18,Romania,1642.0,0
2025-11-18,Tunisia,1650.0,8
2025-11-18,Georgia,1650.0,-28
2025-11-18,Sweden,1660.0,-4
2025-11-18,Bolivia,1675.0,-5
2025-11-18,Slovenia,1695.0,4
2025-11-18,Peru,1698.0,-10
2025-11-18,Kosovo,1714.0,5
2025-11-18,Venezuela,1715.0,-12
2025-12-13,Hong Kong,1136.0,0
2025-12-13,Eritrea,1141.0,0
2025-12-13,Yemen,1150.0,0
2025-12-13,Philippines,1155.0,0
2025-12-13,Saint Vincent and the Grenadines,1174.0,0
2025-12-13,Eswatini,1210.0,0
2025-12-13,Congo,1206.0,0
2025-12-13,Mayotte,1216.0,0
2025-12-13,Lesotho,1215.0,0
2025-12-13,Papua New Guinea,1136.0,0
2025-12-13,Tahiti,1178.0,0
2025-12-13,Puerto Rico,1134.0,0
2025-12-13,Andorra,1083.0,0
2025-12-13,Singapore,1131.0,0
2025-12-13,India,1123.0,0
2025-12-13,Grenada,1122.0,0
2025-12-13,Bermuda,1121.0,0
2025-12-13,Chad,1119.0,0
2025-12-13,Vanuatu,1114.0,0
2025-12-13,Fiji,1109.0,0
2025-12-13,Belize,1103.0,0
2025-12-13,Solomon Islands,1091.0,0
2025-12-13,Mauritius,1090.0,0
2025-12-13,Sao Tome and Principe,1055.0,0
2025-12-13,Afghanistan,1033.0,0
2025-12-13,Turkmenistan,1217.0,0
2025-12-13,South Sudan,1133.0,0
2025-12-13,French Guiana,1221.0,0
2025-12-13,Nicaragua,1328.0,0
2025-12-13,Central African Republic,1238.0,0
2025-12-13,Guadeloupe,1338.0,0
2025-12-13,Lebanon,1332.0,0
2025-12-13,Kuwait,1330.0,0
2025-12-13,Vietnam,1329.0,0
2025-12-13,Gibraltar,1017.0,0
2025-12-13,Tanzania,1325.0,0
2025-12-13,El Salvador,1324.0,0
2025-12-13,Zanzibar,1319.0,0
2025-12-13,Botswana,1319.0,0
2025-12-13,Malaysia,1314.0,0
2025-12-13,Kyrgyzstan,1313.0,0
2025-12-13,Namibia,1311.0,0
2025-12-13,Mauritania,1310.0,0
2025-12-13,Rwanda,1310.0,0
2025-12-13,Cyprus,1302.0,0
2025-12-13,Liberia,1299.0,0
2025-12-13,Tajikistan,1297.0,0
2025-12-13,New Caledonia,1295.0,0
2025-12-13,Dominican Republic,1294.0,0
2025-12-13,Latvia,1286.0,0
2025-12-13,Malta,1279.0,0
2025-12-13,Lithuania,1276.0,0
2025-12-13,Guyana,1275.0,0
2025-12-13,Ethiopia,1264.0,0
2025-12-13,Malawi,1252.0,0
2025-12-13,Guinea-Bissau,1244.0,0
2025-12-13,Burundi,1238.0,0
2025-12-13,Cuba,1230.0,0
2025-12-13,Saint Lucia,1008.0,0
2025-12-13,Bonaire,822.0,0
2025-12-13,Saint Martin,1004.0,0
2025-12-13,Bahamas,719.0,0
2025-12-13,Guam,714.0,0
2025-12-13,Laos,707.0,0
2025-12-13,Wallis and Futuna,701.0,0
2025-12-13,British Virgin Islands,693.0,0
2025-12-13,Vatican,692.0,0
2025-12-13,Saba,691.0,0
2025-12-13,East Timor,682.0,0
2025-12-13,Saint Pierre and Miquelon,677.0,0
2025-12-13,Turks and Caicos Islands,657.0,0
2025-12-13,Brunei,655.0,0
2025-12-13,Anguilla,646.0,0
2025-12-13,Tibet,628.0,0
2025-12-13,Cook Islands,622.0,0
2025-12-13,US Virgin Islands,617.0,0
2025-12-13,Bhutan,614.0,0
2025-12-13,Macao,595.0,0
2025-12-13,Christmas Island,578.0,0
2025-12-13,Falkland Islands,571.0,0
2025-12-13,Federated States of Micronesia,563.0,0
2025-12-13,Marshall Islands,559.0,0
2025-12-13,Kiribati,544.0,0
2025-12-13,Tonga,520.0,0
2025-12-13,Niue,496.0,0
2025-12-13,Northern Mariana Islands,432.0,0
2025-12-13,Cocos Islands,422.0,0
2025-12-13,Palau,402.0,0
2025-12-13,Saint Barthelemy,725.0,0
2025-12-13,Saint Kitts and Nevis,1005.0,0
2025-12-13,Samoa,729.0,0
2025-12-13,Sint Eustatius,737.0,0
2025-12-13,Somaliland,1002.0,0
2025-12-13,Western Sahara,996.0,0
2025-12-13,Montserrat,971.0,0
2025-12-13,Somalia,961.0,0
2025-12-13,Sint Maarten,957.0,0
2025-12-13,Aruba,949.0,0
2025-12-13,Greenland,946.0,0
2025-12-13,Myanmar,944.0,0
2025-12-13,Dominica,940.0,0
2025-12-13,Bangladesh,940.0,0
2025-12-13,Barbados,921.0,0
2025-12-13,Nepal,917.0,0
2025-12-13,Djibouti,915.0,0
2025-12-13,Monaco,903.0,0
2025-12-13,Liechtenstein,900.0,0
2025-12-13,Antigua and Barbuda,895.0,0
2025-12-13,Taiwan,866.0,0
2025-12-13,Cambodia,846.0,0
2025-12-13,Seychelles,841.0,0
2025-12-13,Maldives,841.0,0
2025-12-13,San Marino,833.0,0
2025-12-13,Pakistan,828.0,0
2025-12-13,Azerbaijan,1339.0,0
2025-12-13,Cayman Islands,806.0,0
2025-12-13,Chagos Islands,785.0,0
2025-12-13,Sri Lanka,780.0,0
2025-12-13,Tuvalu,757.0,0
2025-12-13,Mongolia,730.0,0
2025-12-13,Togo,1340.0,0
2025-12-13,Qatar,1427.0,0
2025-12-13,Indonesia,1341.0,0
2025-12-13,Serbia,1769.0,0
2025-12-13,Greece,1761.0,0
2025-12-13,Iran,1754.0,0
2025-12-13,United States,1747.0,0
2025-12-13,Panama,1742.0,0
2025-12-13,Poland,1735.0,0
2025-12-13,Uzbekistan,1735.0,0
2025-12-13,Czechia,1731.0,0
2025-12-13,Chile,1731.0,0
2025-12-13,Algeria,1726.0,0
2025-12-13,Wales,1715.0,0
2025-12-13,Venezuela,1715.0,0
2025-12-13,Australia,1774.0,0
2025-12-13,Kosovo,1714.0,0
2025-12-13,Peru,1698.0,0
2025-12-13,Slovenia,1695.0,0
2025-12-13,Ireland,1688.0,0
2025-12-13,Slovakia,1687.0,0
2025-12-13,Jordan,1687.0,0
2025-12-13,Bolivia,1675.0,0
2025-12-13,Albania,1664.0,0
2025-12-13,Sweden,1660.0,0
2025-12-13,Georgia,1650.0,0
2025-12-13,Romania,1642.0,0
2025-12-13,Tunisia,1641.0,0
2025-12-13,Costa Rica,1633.0,0
2025-12-13,Hungary,1698.0,0
2025-12-13,Russia,1782.0,0
2025-12-13,South Korea,1784.0,0
2025-12-13,Scotland,1790.0,0
2025-12-13,Eastern Samoa,389.0,0
2025-12-13,Spain,2171.0,0
2025-12-13,Argentina,2113.0,0
2025-12-13,France,2062.0,0
2025-12-13,England,2042.0,0
2025-12-13,Colombia,1998.0,0
2025-12-13,Brazil,1979.0,0
2025-12-13,Portugal,1976.0,0
2025-12-13,Netherlands,1959.0,0
2025-12-13,Ecuador,1933.0,0
2025-12-13,Croatia,1933.0,0
2025-12-13,Norway,1922.0,0
2025-12-13,Germany,1910.0,0
2025-12-13,Switzerland,1897.0,0
2025-12-13,Uruguay,1890.0,0
2025-12-13,Turkey,1880.0,0
2025-12-13,Japan,1878.0,0
2025-12-13,Denmark,1864.0,0
2025-12-13,Italy,1859.0,0
2025-12-13,Belgium,1849.0,0
2025-12-13,Mexico,1835.0,0
2025-12-13,Paraguay,1833.0,0
2025-12-13,Morocco,1830.0,0
2025-12-13,Austria,1818.0,0
2025-12-13,Senegal,1803.0,0
2025-12-13,Canada,1802.0,0
2025-12-13,Ukraine,1802.0,0
2025-12-13,Israel,1631.0,0
2025-12-13,Nigeria,1627.0,0
2025-12-13,Democratic Republic of Congo,1616.0,0
2025-12-13,Mali,1612.0,0
2025-12-13,Suriname,1441.0,0
2025-12-13,Equatorial Guinea,1437.0,0
2025-12-13,Benin,1436.0,0
2025-12-13,Uganda,1433.0,0
2025-12-13,Kurdistan,1425.0,0
2025-12-13,Gambia,1424.0,0
2025-12-13,Libya,1424.0,0
2025-12-13,Bahrain,1417.0,0
2025-12-13,Kazakhstan,1410.0,0
2025-12-13,China,1403.0,0
2025-12-13,Niger,1403.0,0
2025-12-13,Trinidad and Tobago,1402.0,0
2025-12-13,Luxembourg,1395.0,0
2025-12-13,Armenia,1389.0,0
2025-12-13,Mozambique,1389.0,0
2025-12-13,Faroe Islands,1380.0,0
2025-12-13,North Korea,1376.0,0
2025-12-13,Madagascar,1369.0,0
2025-12-13,Thailand,1367.0,0
2025-12-13,Zambia,1364.0,0
2025-12-13,Estonia,1359.0,0
2025-12-13,Comoros,1359.0,0
2025-12-13,Zimbabwe,1352.0,0
2025-12-13,Sudan,1352.0,0
2025-12-13,Reunion,1345.0,0
2025-12-13,Kenya,1344.0,0
2025-12-13,Sierra Leone,1344.0,0
2025-12-13,Montenegro,1444.0,0
2025-12-13,Martinique,1340.0,0
2025-12-13,Bulgaria,1452.0,0
2025-12-13,Gabon,1467.0,0
2025-12-13,Saudi Arabia,1612.0,0
2025-12-13,Ivory Coast,1607.0,0
2025-12-13,Northern Ireland,1602.0,0
2025-12-13,North Macedonia,1592.0,0
2025-12-13,Egypt,1591.0,0
2025-12-13,New Zealand,1586.0,0
2025-12-13,Iraq,1582.0,0
2025-12-13,Bosnia and Herzegovina,1571.0,0
2025-12-13,Honduras,1567.0,0
2025-12-13,Iceland,1566.0,0
2025-12-13,Angola,1566.0,0
2025-12-13,Cape Verde,1560.0,0
2025-12-13,Cameroon,1559.0,0
2025-12-13,United Arab Emirates,1549.0,0
2025-12-13,Burkina Faso,1547.0,0
2025-12-13,Haiti,1542.0,0
2025-12-13,South Africa,1531.0,0
2025-12-13,Guatemala,1528.0,0
2025-12-13,Jamaica,1527.0,0
2025-12-13,Finland,1509.0,0
2025-12-13,Ghana,1509.0,0
2025-12-13,Belarus,1496.0,0
2025-12-13,Oman,1490.0,0
2025-12-13,Syria,1486.0,0
2025-12-13,Guinea,1485.0,0
2025-12-13,Palestine,1470.0,0
2025-12-13,Curaçao,1467.0,0
2025-12-13,Northern Cyprus,1456.0,0
2025-12-13,Moldova,0.0,0
